pop	fsc_small	fsc_perp	fsc_big	pe	chl_small	chl_big	point_order	gating_id
beads	639.1782295715316			775.3352183007064			1	66958bc7-4534-4362-99ff-f8b49f9cd4de
beads	726.2256529866467			572.5279389137833			2	66958bc7-4534-4362-99ff-f8b49f9cd4de
beads	1099.721769897141			660.9635305522337			3	66958bc7-4534-4362-99ff-f8b49f9cd4de
beads	1803.6408628291747			1540.037060321308			4	66958bc7-4534-4362-99ff-f8b49f9cd4de
beads	1191.0742327889227			1515.6536533081987			5	66958bc7-4534-4362-99ff-f8b49f9cd4de
beads	937.4989894686465			1137.2039128172758			6	66958bc7-4534-4362-99ff-f8b49f9cd4de
beads	774.0987949310278			895.0974588625162			7	66958bc7-4534-4362-99ff-f8b49f9cd4de
synecho	39.773419371551405			87.07929786340458			1	66958bc7-4534-4362-99ff-f8b49f9cd4de
synecho	17.070225364882067			14.809880773847295			2	66958bc7-4534-4362-99ff-f8b49f9cd4de
synecho	27.11715325935773			6.884206589437784			3	66958bc7-4534-4362-99ff-f8b49f9cd4de
synecho	77.75053544861777			5.083479399202093			4	66958bc7-4534-4362-99ff-f8b49f9cd4de
synecho	193.09981995989037			10.097241148556744			5	66958bc7-4534-4362-99ff-f8b49f9cd4de
synecho	389.72182788181874			52.253630932387075			6	66958bc7-4534-4362-99ff-f8b49f9cd4de
synecho	269.9834224794651			138.3310773820894			7	66958bc7-4534-4362-99ff-f8b49f9cd4de
synecho	35.569234575814264			52.253630932387075			8	66958bc7-4534-4362-99ff-f8b49f9cd4de
synecho	19.706979620768863			17.652034913733004			9	66958bc7-4534-4362-99ff-f8b49f9cd4de
croco	1665.3060466977718			775.3352183007064			1	66958bc7-4534-4362-99ff-f8b49f9cd4de
croco	1015.3758161268364			212.84438490621545			2	66958bc7-4534-4362-99ff-f8b49f9cd4de
croco	1537.5811705763203			125.69921079718362			3	66958bc7-4534-4362-99ff-f8b49f9cd4de
croco	2403.8739510055075			223.28307353625007			4	66958bc7-4534-4362-99ff-f8b49f9cd4de
croco	3005.719930470194			563.463103968838			5	66958bc7-4534-4362-99ff-f8b49f9cd4de
croco	2403.8739510055075			954.102710915996			6	66958bc7-4534-4362-99ff-f8b49f9cd4de
croco	1353.2824217785756			682.4013860152298			7	66958bc7-4534-4362-99ff-f8b49f9cd4de
prochloro	3.808082270839174				5.868699608897414		1	66958bc7-4534-4362-99ff-f8b49f9cd4de
prochloro	3.246342282611274				1.6900835347161853		2	66958bc7-4534-4362-99ff-f8b49f9cd4de
prochloro	5.239988701960206				1.2087957966963438		3	66958bc7-4534-4362-99ff-f8b49f9cd4de
prochloro	20.67348397177765				1.9825319034482636		4	66958bc7-4534-4362-99ff-f8b49f9cd4de
prochloro	53.00960337509586				14.344623683283782		5	66958bc7-4534-4362-99ff-f8b49f9cd4de
prochloro	31.809446316155466				19.11836658830927		6	66958bc7-4534-4362-99ff-f8b49f9cd4de
prochloro	6.049384138479553				12.625237255175554		7	66958bc7-4534-4362-99ff-f8b49f9cd4de
prochloro	4.190767149165099				7.576019836547323		8	66958bc7-4534-4362-99ff-f8b49f9cd4de
picoeuk	937.4989894686465				3531.45474570408		1	66958bc7-4534-4362-99ff-f8b49f9cd4de
picoeuk	110.45612913222884				3260.600856223526		2	66958bc7-4534-4362-99ff-f8b49f9cd4de
picoeuk	23.866815968362495				2153.210067089266		3	66958bc7-4534-4362-99ff-f8b49f9cd4de
picoeuk	18.19550277494709				292.8776462433051		4	66958bc7-4534-4362-99ff-f8b49f9cd4de
picoeuk	30.322325504311912				75.42826286669774		5	66958bc7-4534-4362-99ff-f8b49f9cd4de
picoeuk	57.41304246104261				16.298167270533792		6	66958bc7-4534-4362-99ff-f8b49f9cd4de
picoeuk	114.0386906834847				8.607771194780085		7	66958bc7-4534-4362-99ff-f8b49f9cd4de
picoeuk	1692.0970190610117				8.205349990710168		8	66958bc7-4534-4362-99ff-f8b49f9cd4de
picoeuk	3582.5455966705863				26.307211293677675		9	66958bc7-4534-4362-99ff-f8b49f9cd4de
picoeuk	3698.7427711604587				866.9776889710141		10	66958bc7-4534-4362-99ff-f8b49f9cd4de
picoeuk	3698.7427711604587				3366.3559949674814		11	66958bc7-4534-4362-99ff-f8b49f9cd4de
picoeuk	609.2960606640411				3475.541222171787		12	66958bc7-4534-4362-99ff-f8b49f9cd4de
beads	707.3014230373608			777.4630856881699			1	68cacd77-226d-4d13-86da-8bacf91fdf2d
beads	1010.3652701960765			1093.5030747775772			2	68cacd77-226d-4d13-86da-8bacf91fdf2d
beads	1161.6658737947803			922.0402782558233			3	68cacd77-226d-4d13-86da-8bacf91fdf2d
beads	1010.3652701960765			616.1338578143836			4	68cacd77-226d-4d13-86da-8bacf91fdf2d
beads	729.5781611812382			519.5232156229299			5	68cacd77-226d-4d13-86da-8bacf91fdf2d
beads	502.8799274095436			606.6545063342146			6	68cacd77-226d-4d13-86da-8bacf91fdf2d
beads	654.5401588908016			801.9495931548604			7	68cacd77-226d-4d13-86da-8bacf91fdf2d
synecho	18.216455341980613			39.001915241064154			1	68cacd77-226d-4d13-86da-8bacf91fdf2d
synecho	64.95654481958604			204.92084966483716			2	68cacd77-226d-4d13-86da-8bacf91fdf2d
synecho	167.25356137659327			246.82543451109132			3	68cacd77-226d-4d13-86da-8bacf91fdf2d
synecho	296.83855433879256			224.89926135695833			4	68cacd77-226d-4d13-86da-8bacf91fdf2d
synecho	310.97197250264736			88.70931334801367			5	68cacd77-226d-4d13-86da-8bacf91fdf2d
synecho	195.30431683961507			25.6612299859767			6	68cacd77-226d-4d13-86da-8bacf91fdf2d
synecho	47.637611537039554			14.017328186397902			7	68cacd77-226d-4d13-86da-8bacf91fdf2d
synecho	15.600100811422145			10.603752883757343			8	68cacd77-226d-4d13-86da-8bacf91fdf2d
synecho	16.857595906939622			20.654106544125234			9	68cacd77-226d-4d13-86da-8bacf91fdf2d
croco	1216.9764435339207			765.5016494537794			1	68cacd77-226d-4d13-86da-8bacf91fdf2d
croco	1143.7933953056393			363.68976700845366			2	68cacd77-226d-4d13-86da-8bacf91fdf2d
croco	1235.9924523674372			218.03224940324412			3	68cacd77-226d-4d13-86da-8bacf91fdf2d
croco	1315.0746499239513			162.3982874233059			4	68cacd77-226d-4d13-86da-8bacf91fdf2d
croco	2061.7032950678354			162.3982874233059			5	68cacd77-226d-4d13-86da-8bacf91fdf2d
croco	3439.034331279185			221.43913801039264			6	68cacd77-226d-4d13-86da-8bacf91fdf2d
croco	3182.499008640474			431.3215895960487			7	68cacd77-226d-4d13-86da-8bacf91fdf2d
croco	2601.542157158638			665.799261503093			8	68cacd77-226d-4d13-86da-8bacf91fdf2d
croco	1179.8176208027428			655.5557971406361			9	68cacd77-226d-4d13-86da-8bacf91fdf2d
prochloro	4.952648855074368				3.5818246265171965		1	68cacd77-226d-4d13-86da-8bacf91fdf2d
prochloro	7.527417468684202				3.5818246265171965		2	68cacd77-226d-4d13-86da-8bacf91fdf2d
prochloro	16.857595906939622				4.118197207763566		3	68cacd77-226d-4d13-86da-8bacf91fdf2d
prochloro	37.17163199377298				7.656900686076234		4	68cacd77-226d-4d13-86da-8bacf91fdf2d
prochloro	36.59973846724219				17.415514034054517		5	68cacd77-226d-4d13-86da-8bacf91fdf2d
prochloro	11.985479358399957				20.023459757310412		6	68cacd77-226d-4d13-86da-8bacf91fdf2d
prochloro	4.8764512907631845				12.575628913418376		7	68cacd77-226d-4d13-86da-8bacf91fdf2d
prochloro	2.663738962043738				5.70313594338679		8	68cacd77-226d-4d13-86da-8bacf91fdf2d
prochloro	3.0155104510002175				3.810999620413369		9	68cacd77-226d-4d13-86da-8bacf91fdf2d
picoeuk	1075.0112198932936				3444.370619300473		1	68cacd77-226d-4d13-86da-8bacf91fdf2d
picoeuk	195.30431683961507				708.3989299964707		2	68cacd77-226d-4d13-86da-8bacf91fdf2d
picoeuk	81.96484437687121				79.5854524481563		3	68cacd77-226d-4d13-86da-8bacf91fdf2d
picoeuk	71.28937330739454				9.966094724623757		4	68cacd77-226d-4d13-86da-8bacf91fdf2d
picoeuk	605.7146297840334				7.656900686076234		5	68cacd77-226d-4d13-86da-8bacf91fdf2d
picoeuk	2855.1751102482463				22.31899563654162		6	68cacd77-226d-4d13-86da-8bacf91fdf2d
picoeuk	3716.2484888783074				132.7529057621219		7	68cacd77-226d-4d13-86da-8bacf91fdf2d
picoeuk	3602.7775835399593				2266.2165709685546		8	68cacd77-226d-4d13-86da-8bacf91fdf2d
picoeuk	3547.3480781068433				3960.159680039535		9	68cacd77-226d-4d13-86da-8bacf91fdf2d
picoeuk	1091.8089343948661				4279.380782217897		10	68cacd77-226d-4d13-86da-8bacf91fdf2d
beads	740.9782707162076			996.3642292220462			1	b475776d-8e62-4dc6-ad9d-6bdf7ee07fac
beads	979.5150559882053			1011.9330359026977			2	b475776d-8e62-4dc6-ad9d-6bdf7ee07fac
beads	1010.3652701960765			840.1329382113618			3	b475776d-8e62-4dc6-ad9d-6bdf7ee07fac
beads	994.8205839268949			606.6545063342146			4	b475776d-8e62-4dc6-ad9d-6bdf7ee07fac
beads	800.707150200653			552.76374026723			5	b475776d-8e62-4dc6-ad9d-6bdf7ee07fac
beads	624.7918516842385			616.1338578143836			6	b475776d-8e62-4dc6-ad9d-6bdf7ee07fac
beads	675.1551601467685			840.1329382113618			7	b475776d-8e62-4dc6-ad9d-6bdf7ee07fac
synecho	20.944340761216793			49.21422347836808			1	b475776d-8e62-4dc6-ad9d-6bdf7ee07fac
synecho	55.627103545877155			134.82725193542754			2	b475776d-8e62-4dc6-ad9d-6bdf7ee07fac
synecho	175.21703002908959			178.23103382048674			3	b475776d-8e62-4dc6-ad9d-6bdf7ee07fac
synecho	211.04743436994423			60.204374163200086			4	b475776d-8e62-4dc6-ad9d-6bdf7ee07fac
synecho	183.55966449699415			17.687642200931894			5	b475776d-8e62-4dc6-ad9d-6bdf7ee07fac
synecho	141.0279713226406			5.528997965073321			6	b475776d-8e62-4dc6-ad9d-6bdf7ee07fac
synecho	48.38197864998506			4.182546583544082			7	b475776d-8e62-4dc6-ad9d-6bdf7ee07fac
synecho	19.684849907320956			5.443933146155576			8	b475776d-8e62-4dc6-ad9d-6bdf7ee07fac
synecho	17.66023912395963			16.88375353679743			9	b475776d-8e62-4dc6-ad9d-6bdf7ee07fac
synecho	20.304832042948238			39.001915241064154			10	b475776d-8e62-4dc6-ad9d-6bdf7ee07fac
croco	1356.493446298209			676.2027863250921			1	b475776d-8e62-4dc6-ad9d-6bdf7ee07fac
croco	920.6117814313427			544.2593516298757			2	b475776d-8e62-4dc6-ad9d-6bdf7ee07fac
croco	906.4479718268384			183.8444907431115			3	b475776d-8e62-4dc6-ad9d-6bdf7ee07fac
croco	1255.3055980879312			111.93706628860951			4	b475776d-8e62-4dc6-ad9d-6bdf7ee07fac
croco	2159.8674801882553			311.454502146719			5	b475776d-8e62-4dc6-ad9d-6bdf7ee07fac
croco	1738.425363140346			719.4681009586867			6	b475776d-8e62-4dc6-ad9d-6bdf7ee07fac
croco	1294.8419445285506			665.799261503093			7	b475776d-8e62-4dc6-ad9d-6bdf7ee07fac
prochloro	4.241320277314399				8.274109201328605		1	b475776d-8e62-4dc6-ad9d-6bdf7ee07fac
prochloro	3.110485145662337				2.114269403249747		2	b475776d-8e62-4dc6-ad9d-6bdf7ee07fac
prochloro	4.241320277314399				1.1549098821844075		3	b475776d-8e62-4dc6-ad9d-6bdf7ee07fac
prochloro	9.950654472172399				1.348604380647361		4	b475776d-8e62-4dc6-ad9d-6bdf7ee07fac
prochloro	18.216455341980613				4.590316889514351		5	b475776d-8e62-4dc6-ad9d-6bdf7ee07fac
prochloro	20.622107588866406				10.1218211122018		6	b475776d-8e62-4dc6-ad9d-6bdf7ee07fac
prochloro	7.527417468684202				13.174394200167292		7	b475776d-8e62-4dc6-ad9d-6bdf7ee07fac
picoeuk	949.6068137035049				3444.370619300473		1	b475776d-8e62-4dc6-ad9d-6bdf7ee07fac
picoeuk	88.57187795022485				124.76979125201507		2	b475776d-8e62-4dc6-ad9d-6bdf7ee07fac
picoeuk	262.211136547947				7.539097627647438		3	b475776d-8e62-4dc6-ad9d-6bdf7ee07fac
picoeuk	1659.415372605897				8.534705544059427		4	b475776d-8e62-4dc6-ad9d-6bdf7ee07fac
picoeuk	3954.0242913143593				97.35787783469564		5	b475776d-8e62-4dc6-ad9d-6bdf7ee07fac
picoeuk	3282.7330739901327				3287.826832147907		6	b475776d-8e62-4dc6-ad9d-6bdf7ee07fac
beads	764.3156745010946			965.9415189337211			1	3830fba9-a1de-41e5-af92-bddbba00d475
beads	1026.1528517924269			1043.804267213302			2	3830fba9-a1de-41e5-af92-bddbba00d475
beads	1126.195888729292			840.1329382113618			3	3830fba9-a1de-41e5-af92-bddbba00d475
beads	920.6117814313427			616.1338578143836			4	3830fba9-a1de-41e5-af92-bddbba00d475
beads	675.1551601467685			606.6545063342146			5	3830fba9-a1de-41e5-af92-bddbba00d475
beads	634.5546103915776			801.9495931548604			6	3830fba9-a1de-41e5-af92-bddbba00d475
beads	949.6068137035049			1110.5897359368241			7	3830fba9-a1de-41e5-af92-bddbba00d475
synecho	67.00237689703758			64.05641565602721			1	3830fba9-a1de-41e5-af92-bddbba00d475
synecho	13.99561144660445			15.624307208646425			2	3830fba9-a1de-41e5-af92-bddbba00d475
synecho	15.123771640286481			4.7348907359884675			3	3830fba9-a1de-41e5-af92-bddbba00d475
synecho	108.35108437292456			4.6620434270191975			4	3830fba9-a1de-41e5-af92-bddbba00d475
synecho	157.19574512747053			10.937722275928875			5	3830fba9-a1de-41e5-af92-bddbba00d475
synecho	254.204854098607			38.40186241442462			6	3830fba9-a1de-41e5-af92-bddbba00d475
synecho	296.83855433879256			94.38517927248039			7	3830fba9-a1de-41e5-af92-bddbba00d475
synecho	141.0279713226406			111.93706628860951			8	3830fba9-a1de-41e5-af92-bddbba00d475
synecho	74.68368482409387			57.468135303814066			9	3830fba9-a1de-41e5-af92-bddbba00d475
croco	1443.2856289679305			561.401015231441			1	3830fba9-a1de-41e5-af92-bddbba00d475
croco	1294.8419445285506			331.3822180655783			2	3830fba9-a1de-41e5-af92-bddbba00d475
croco	1198.253000072678			195.60736705257102			3	3830fba9-a1de-41e5-af92-bddbba00d475
croco	1216.9764435339207			126.7193963287698			4	3830fba9-a1de-41e5-af92-bddbba00d475
croco	1998.7518158730159			164.9358610013301			5	3830fba9-a1de-41e5-af92-bddbba00d475
croco	2061.7032950678354			386.95963888247326			6	3830fba9-a1de-41e5-af92-bddbba00d475
croco	1849.6546006181266			606.6545063342146			7	3830fba9-a1de-41e5-af92-bddbba00d475
croco	1294.8419445285506			519.5232156229299			8	3830fba9-a1de-41e5-af92-bddbba00d475
croco	1143.7933953056393			266.7215734590787			9	3830fba9-a1de-41e5-af92-bddbba00d475
prochloro	6.249456367898707				9.966094724623757		1	3830fba9-a1de-41e5-af92-bddbba00d475
prochloro	3.576275384010678				4.450157420953002		2	3830fba9-a1de-41e5-af92-bddbba00d475
prochloro	3.159088397862257				1.8676313271689298		3	3830fba9-a1de-41e5-af92-bddbba00d475
prochloro	4.8764512907631845				1.5747841485790066		4	3830fba9-a1de-41e5-af92-bddbba00d475
prochloro	8.261290305019807				1.5747841485790066		5	3830fba9-a1de-41e5-af92-bddbba00d475
prochloro	23.345448575098217				3.694635610184622		6	3830fba9-a1de-41e5-af92-bddbba00d475
prochloro	36.03664364521117				8.274109201328605		7	3830fba9-a1de-41e5-af92-bddbba00d475
prochloro	20.944340761216793				12.772130884985035		8	3830fba9-a1de-41e5-af92-bddbba00d475
prochloro	7.297577381944175				10.769443074046016		9	3830fba9-a1de-41e5-af92-bddbba00d475
picoeuk	1161.6658737947803				3138.3978302506644		1	3830fba9-a1de-41e5-af92-bddbba00d475
picoeuk	87.20918062122689				1401.3878836296185		2	3830fba9-a1de-41e5-af92-bddbba00d475
picoeuk	28.558778777455228				235.60742328215102		3	3830fba9-a1de-41e5-af92-bddbba00d475
picoeuk	34.93631071752482				41.49736507999187		4	3830fba9-a1de-41e5-af92-bddbba00d475
picoeuk	55.627103545877155				12.772130884985035		5	3830fba9-a1de-41e5-af92-bddbba00d475
picoeuk	198.35606745810824				7.30890090215841		6	3830fba9-a1de-41e5-af92-bddbba00d475
picoeuk	1042.1871241055053				12.191648132188277		7	3830fba9-a1de-41e5-af92-bddbba00d475
picoeuk	2899.78898540269				37.229310549853615		8	3830fba9-a1de-41e5-af92-bddbba00d475
picoeuk	3716.2484888783074				347.16036881967784		9	3830fba9-a1de-41e5-af92-bddbba00d475
picoeuk	3602.7775835399593				2301.627605061425		10	3830fba9-a1de-41e5-af92-bddbba00d475
picoeuk	3492.7713674969723				4084.88647589602		11	3830fba9-a1de-41e5-af92-bddbba00d475
picoeuk	1793.1777577149953				3839.2412577318473		12	3830fba9-a1de-41e5-af92-bddbba00d475
beads	813.2186941357695			801.9495931548604			1	86a435fc-c40a-4634-a2a3-9d4819232287
beads	838.8313386362904			730.7102345562245			2	86a435fc-c40a-4634-a2a3-9d4819232287
beads	892.5020754693263			719.4681009586867			3	86a435fc-c40a-4634-a2a3-9d4819232287
beads	1042.1871241055053			719.4681009586867			4	86a435fc-c40a-4634-a2a3-9d4819232287
beads	1042.1871241055053			866.5932574769596			5	86a435fc-c40a-4634-a2a3-9d4819232287
beads	934.9969093119639			866.5932574769596			6	86a435fc-c40a-4634-a2a3-9d4819232287
beads	878.7707397167903			936.4477272819172			7	86a435fc-c40a-4634-a2a3-9d4819232287
synecho	22.98627384431715			14.236357599852136			1	86a435fc-c40a-4634-a2a3-9d4819232287
synecho	91.361484287415			19.41206896536857			2	86a435fc-c40a-4634-a2a3-9d4819232287
synecho	177.9549043803305			8.403397269719692			3	86a435fc-c40a-4634-a2a3-9d4819232287
synecho	94.2389503798297			3.020189564596549			4	86a435fc-c40a-4634-a2a3-9d4819232287
synecho	9.950654472172399			3.992453311217016			5	86a435fc-c40a-4634-a2a3-9d4819232287
synecho	10.424436461080514			12.971703321265265			6	86a435fc-c40a-4634-a2a3-9d4819232287
croco	1294.8419445285506			331.3822180655783			1	86a435fc-c40a-4634-a2a3-9d4819232287
croco	1937.722479763625			208.12286455025506			2	86a435fc-c40a-4634-a2a3-9d4819232287
croco	1583.9963205935233			95.8600060140619			3	86a435fc-c40a-4634-a2a3-9d4819232287
croco	1255.3055980879312			49.21422347836808			4	86a435fc-c40a-4634-a2a3-9d4819232287
croco	800.707150200653			77.1554122158951			5	86a435fc-c40a-4634-a2a3-9d4819232287
croco	1026.1528517924269			331.3822180655783			6	86a435fc-c40a-4634-a2a3-9d4819232287
prochloro	5.52043200952678				5.792250966158529		1	86a435fc-c40a-4634-a2a3-9d4819232287
prochloro	3.521253620598467				2.018177612897426		2	86a435fc-c40a-4634-a2a3-9d4819232287
prochloro	4.443262889451312				1.5993911238736986		3	86a435fc-c40a-4634-a2a3-9d4819232287
prochloro	7.297577381944175				1.4573128700960798		4	86a435fc-c40a-4634-a2a3-9d4819232287
prochloro	18.790189809840584				4.519693880164694		5	86a435fc-c40a-4634-a2a3-9d4819232287
prochloro	18.216455341980613				9.366782227857728		6	86a435fc-c40a-4634-a2a3-9d4819232287
prochloro	5.60669217044917				10.1218211122018		7	86a435fc-c40a-4634-a2a3-9d4819232287
picoeuk	740.9782707162076				2772.291031543042		1	86a435fc-c40a-4634-a2a3-9d4819232287
picoeuk	57.37910117946371				97.35787783469564		2	86a435fc-c40a-4634-a2a3-9d4819232287
picoeuk	45.47252161346287				16.623993369343562		3	86a435fc-c40a-4634-a2a3-9d4819232287
picoeuk	1315.0746499239513				15.14723892606108		4	86a435fc-c40a-4634-a2a3-9d4819232287
picoeuk	3085.3254625685245				54.85625623056772		5	86a435fc-c40a-4634-a2a3-9d4819232287
picoeuk	3659.073209242337				3287.826832147907		6	86a435fc-c40a-4634-a2a3-9d4819232287
picoeuk	1633.8849113773472				3287.826832147907		7	86a435fc-c40a-4634-a2a3-9d4819232287
beads	1058.4719418301765			1401.3878836296185			1	74bf6e88-6ba4-4c5f-9cf5-6fafba443f88
beads	1315.0746499239513			1491.0525359130763			2	74bf6e88-6ba4-4c5f-9cf5-6fafba443f88
beads	1488.7424808504984			1337.6959669282576			3	74bf6e88-6ba4-4c5f-9cf5-6fafba443f88
beads	1488.7424808504984			1011.9330359026977			4	74bf6e88-6ba4-4c5f-9cf5-6fafba443f88
beads	934.9969093119639			853.2605344431867			5	74bf6e88-6ba4-4c5f-9cf5-6fafba443f88
beads	892.5020754693263			1145.568199045946			6	74bf6e88-6ba4-4c5f-9cf5-6fafba443f88
synecho	24.080722713987274			13.801668587421954			1	74bf6e88-6ba4-4c5f-9cf5-6fafba443f88
synecho	25.621473603949074			8.803509471702686			2	74bf6e88-6ba4-4c5f-9cf5-6fafba443f88
synecho	35.48221215772507			6.162855118574898			3	74bf6e88-6ba4-4c5f-9cf5-6fafba443f88
synecho	87.20918062122689			5.27770959448932			4	74bf6e88-6ba4-4c5f-9cf5-6fafba443f88
synecho	201.45550356552548			7.085732939930324			5	74bf6e88-6ba4-4c5f-9cf5-6fafba443f88
synecho	231.623147077094			21.304615800989716			6	74bf6e88-6ba4-4c5f-9cf5-6fafba443f88
synecho	120.77270405035557			37.81104152915345			7	74bf6e88-6ba4-4c5f-9cf5-6fafba443f88
synecho	20.944340761216793			27.30310607948126			8	74bf6e88-6ba4-4c5f-9cf5-6fafba443f88
croco	1443.2856289679305			301.9446363678136			1	74bf6e88-6ba4-4c5f-9cf5-6fafba443f88
croco	1443.2856289679305			145.6954258081733			2	74bf6e88-6ba4-4c5f-9cf5-6fafba443f88
croco	1583.9963205935233			97.35787783469564			3	74bf6e88-6ba4-4c5f-9cf5-6fafba443f88
croco	2126.6374560050026			111.93706628860951			4	74bf6e88-6ba4-4c5f-9cf5-6fafba443f88
croco	2445.0980565625873			686.7688726502035			5	74bf6e88-6ba4-4c5f-9cf5-6fafba443f88
croco	1907.9102040320781			527.641086852069			6	74bf6e88-6ba4-4c5f-9cf5-6fafba443f88
prochloro	5.52043200952678				9.6617927398466		1	74bf6e88-6ba4-4c5f-9cf5-6fafba443f88
prochloro	4.727555073393109				4.054837860923704		2	74bf6e88-6ba4-4c5f-9cf5-6fafba443f88
prochloro	4.654820625165378				2.284696725311829		3	74bf6e88-6ba4-4c5f-9cf5-6fafba443f88
prochloro	5.188460060405908				1.701724568213142		4	74bf6e88-6ba4-4c5f-9cf5-6fafba443f88
prochloro	17.12100625837367				1.6243825983606774		5	74bf6e88-6ba4-4c5f-9cf5-6fafba443f88
prochloro	31.832823430340014				4.519693880164694		6	74bf6e88-6ba4-4c5f-9cf5-6fafba443f88
prochloro	37.752461709997554				10.1218211122018		7	74bf6e88-6ba4-4c5f-9cf5-6fafba443f88
prochloro	28.558778777455228				13.801668587421954		8	74bf6e88-6ba4-4c5f-9cf5-6fafba443f88
prochloro	11.091420585499286				14.017328186397902		9	74bf6e88-6ba4-4c5f-9cf5-6fafba443f88
picoeuk	336.0388445051122				2859.6054343659557		1	74bf6e88-6ba4-4c5f-9cf5-6fafba443f88
picoeuk	111.76364464152341				1337.6959669282576		2	74bf6e88-6ba4-4c5f-9cf5-6fafba443f88
picoeuk	44.772917120710815				375.14432010473257		3	74bf6e88-6ba4-4c5f-9cf5-6fafba443f88
picoeuk	24.456998884557127				77.1554122158951		4	74bf6e88-6ba4-4c5f-9cf5-6fafba443f88
picoeuk	29.005027340763128				19.113410123063158		5	74bf6e88-6ba4-4c5f-9cf5-6fafba443f88
picoeuk	53.098897838685225				11.108630944311678		6	74bf6e88-6ba4-4c5f-9cf5-6fafba443f88
picoeuk	217.69445681082522				9.513143987391336		7	74bf6e88-6ba4-4c5f-9cf5-6fafba443f88
picoeuk	1793.1777577149953				16.36822966774953		8	74bf6e88-6ba4-4c5f-9cf5-6fafba443f88
picoeuk	3334.027806492765				34.9905207655881		9	74bf6e88-6ba4-4c5f-9cf5-6fafba443f88
picoeuk	3774.3171675840736				1200.1123078070043		10	74bf6e88-6ba4-4c5f-9cf5-6fafba443f88
picoeuk	3282.7330739901327				4346.248750935797		11	74bf6e88-6ba4-4c5f-9cf5-6fafba443f88
picoeuk	1659.415372605897				3552.852434630525		12	74bf6e88-6ba4-4c5f-9cf5-6fafba443f88
picoeuk	892.5020754693263				3552.852434630525		13	74bf6e88-6ba4-4c5f-9cf5-6fafba443f88
beads	1058.4719418301765			1401.3878836296185			1	3e0ad3e1-2238-4c73-87a6-1e0e022ffe12
beads	1294.8419445285506			1468.112373018186			2	3e0ad3e1-2238-4c73-87a6-1e0e022ffe12
beads	1608.747241767641			1423.2854351523936			3	3e0ad3e1-2238-4c73-87a6-1e0e022ffe12
beads	1465.837858647943			1110.5897359368241			4	3e0ad3e1-2238-4c73-87a6-1e0e022ffe12
beads	1377.6894944998576			840.1329382113618			5	3e0ad3e1-2238-4c73-87a6-1e0e022ffe12
beads	1075.0112198932936			827.2073128616624			6	3e0ad3e1-2238-4c73-87a6-1e0e022ffe12
beads	934.9969093119639			1237.9103197344436			7	3e0ad3e1-2238-4c73-87a6-1e0e022ffe12
synecho	29.005027340763128			41.49736507999187			1	3e0ad3e1-2238-4c73-87a6-1e0e022ffe12
synecho	23.345448575098217			15.14723892606108			2	3e0ad3e1-2238-4c73-87a6-1e0e022ffe12
synecho	29.918552151941196			8.534705544059427			3	3e0ad3e1-2238-4c73-87a6-1e0e022ffe12
synecho	53.92860092432458			5.792250966158529			4	3e0ad3e1-2238-4c73-87a6-1e0e022ffe12
synecho	283.3474883052175			6.35695667870691			5	3e0ad3e1-2238-4c73-87a6-1e0e022ffe12
synecho	330.86881484734636			17.687642200931894			6	3e0ad3e1-2238-4c73-87a6-1e0e022ffe12
synecho	380.4158973481891			43.47318528528867			7	3e0ad3e1-2238-4c73-87a6-1e0e022ffe12
synecho	186.42789766625444			51.55746760842577			8	3e0ad3e1-2238-4c73-87a6-1e0e022ffe12
synecho	60.11110084386682			20.654106544125234			9	3e0ad3e1-2238-4c73-87a6-1e0e022ffe12
synecho	50.6855969834529			34.9905207655881			10	3e0ad3e1-2238-4c73-87a6-1e0e022ffe12
synecho	152.3959736460071			43.47318528528867			11	3e0ad3e1-2238-4c73-87a6-1e0e022ffe12
synecho	310.97197250264736			24.877697074407813			12	3e0ad3e1-2238-4c73-87a6-1e0e022ffe12
synecho	278.9881264577837			10.27998082080059			13	3e0ad3e1-2238-4c73-87a6-1e0e022ffe12
synecho	183.55966449699415			5.443933146155576			14	3e0ad3e1-2238-4c73-87a6-1e0e022ffe12
synecho	43.405833230726046			5.443933146155576			15	3e0ad3e1-2238-4c73-87a6-1e0e022ffe12
synecho	36.03664364521117			16.88375353679743			16	3e0ad3e1-2238-4c73-87a6-1e0e022ffe12
croco	1535.6310142669245			597.3209967086111			1	3e0ad3e1-2238-4c73-87a6-1e0e022ffe12
croco	1315.0746499239513			352.5849640739234			2	3e0ad3e1-2238-4c73-87a6-1e0e022ffe12
croco	1315.0746499239513			254.59929922104783			3	3e0ad3e1-2238-4c73-87a6-1e0e022ffe12
croco	2227.893360971881			189.63474571233198			4	3e0ad3e1-2238-4c73-87a6-1e0e022ffe12
croco	2522.1073871931453			326.28383160380366			5	3e0ad3e1-2238-4c73-87a6-1e0e022ffe12
croco	2725.4097701778473			495.9113164760809			6	3e0ad3e1-2238-4c73-87a6-1e0e022ffe12
croco	2642.1928607151026			753.7242424799728			7	3e0ad3e1-2238-4c73-87a6-1e0e022ffe12
croco	2193.616744030389			777.4630856881699			8	3e0ad3e1-2238-4c73-87a6-1e0e022ffe12
croco	1399.2167440505377			635.5392374234998			9	3e0ad3e1-2238-4c73-87a6-1e0e022ffe12
prochloro	5.030037053406229				10.44061187256448		1	3e0ad3e1-2238-4c73-87a6-1e0e022ffe12
prochloro	3.9862678906757973				3.9310285611806486		2	3e0ad3e1-2238-4c73-87a6-1e0e022ffe12
prochloro	3.9862678906757973				2.214936426284318		3	3e0ad3e1-2238-4c73-87a6-1e0e022ffe12
prochloro	4.727555073393109				1.6755431709405524		4	3e0ad3e1-2238-4c73-87a6-1e0e022ffe12
prochloro	6.446285468639696				1.6243825983606774		5	3e0ad3e1-2238-4c73-87a6-1e0e022ffe12
prochloro	14.661986572552317				1.701724568213142		6	3e0ad3e1-2238-4c73-87a6-1e0e022ffe12
prochloro	33.3484843790308				5.443933146155576		7	3e0ad3e1-2238-4c73-87a6-1e0e022ffe12
prochloro	37.752461709997554				11.81939171411879		8	3e0ad3e1-2238-4c73-87a6-1e0e022ffe12
prochloro	16.598238180228407				15.868446662187898		9	3e0ad3e1-2238-4c73-87a6-1e0e022ffe12
prochloro	6.649313779778806				14.914195408141802		10	3e0ad3e1-2238-4c73-87a6-1e0e022ffe12
picoeuk	495.1430119263608				3722.014925146466		1	3e0ad3e1-2238-4c73-87a6-1e0e022ffe12
picoeuk	108.35108437292456				996.3642292220462		2	3e0ad3e1-2238-4c73-87a6-1e0e022ffe12
picoeuk	32.33023096420263				124.76979125201507		3	3e0ad3e1-2238-4c73-87a6-1e0e022ffe12
picoeuk	24.080722713987274				36.092561060185		4	3e0ad3e1-2238-4c73-87a6-1e0e022ffe12
picoeuk	44.772917120710815				14.914195408141802		5	3e0ad3e1-2238-4c73-87a6-1e0e022ffe12
picoeuk	111.76364464152341				8.274109201328605		6	3e0ad3e1-2238-4c73-87a6-1e0e022ffe12
picoeuk	451.15811451471023				10.937722275928875		7	3e0ad3e1-2238-4c73-87a6-1e0e022ffe12
picoeuk	1765.5893335175317				25.266426461766205		8	3e0ad3e1-2238-4c73-87a6-1e0e022ffe12
picoeuk	2683.4787566304844				90.09545117771773		9	3e0ad3e1-2238-4c73-87a6-1e0e022ffe12
picoeuk	3774.3171675840736				981.0349519695859		10	3e0ad3e1-2238-4c73-87a6-1e0e022ffe12
picoeuk	3602.7775835399593				2448.8920714554993		11	3e0ad3e1-2238-4c73-87a6-1e0e022ffe12
picoeuk	3439.034331279185				3391.378238969132		12	3e0ad3e1-2238-4c73-87a6-1e0e022ffe12
picoeuk	1738.425363140346				3339.2011577689063		13	3e0ad3e1-2238-4c73-87a6-1e0e022ffe12
beads	1749.1027918908114			824.7554983285338			1	f6b49df8-efc8-4470-98d8-672ecfa3857d
beads	1980.5264236388036			542.2409407280231			2	f6b49df8-efc8-4470-98d8-672ecfa3857d
beads	4800.46669136691			1197.3500689670166			3	f6b49df8-efc8-4470-98d8-672ecfa3857d
beads	4109.858083435698			1685.1002405635222			4	f6b49df8-efc8-4470-98d8-672ecfa3857d
beads	3059.561723566719			2062.1457911860557			5	f6b49df8-efc8-4470-98d8-672ecfa3857d
beads	2386.3195709436577			1511.492846376431			6	f6b49df8-efc8-4470-98d8-672ecfa3857d
beads	1669.4689359837964			613.9847904134239			7	f6b49df8-efc8-4470-98d8-672ecfa3857d
synecho	19.047029477162116			22.109841209196883			1	f6b49df8-efc8-4470-98d8-672ecfa3857d
synecho	44.75470991475005			52.76461573003767			2	f6b49df8-efc8-4470-98d8-672ecfa3857d
synecho	105.15991808355511			120.18850835970571			3	f6b49df8-efc8-4470-98d8-672ecfa3857d
synecho	307.114994453693			77.80085454417184			4	f6b49df8-efc8-4470-98d8-672ecfa3857d
synecho	347.7493515139247			30.164691882360728			5	f6b49df8-efc8-4470-98d8-672ecfa3857d
synecho	152.667348596146			7.570679167050998			6	f6b49df8-efc8-4470-98d8-672ecfa3857d
synecho	98.8251734202839			3.882141056440799			7	f6b49df8-efc8-4470-98d8-672ecfa3857d
synecho	25.58555608118148			5.379355485561066			8	f6b49df8-efc8-4470-98d8-672ecfa3857d
synecho	18.17984865287144			12.639844684089576			9	f6b49df8-efc8-4470-98d8-672ecfa3857d
croco	1568.9015370598302			533.8836752006544			1	f6b49df8-efc8-4470-98d8-672ecfa3857d
croco	1242.827161309111			335.02463011819617			2	f6b49df8-efc8-4470-98d8-672ecfa3857d
croco	1262.2820296149878			206.99562566252678			3	f6b49df8-efc8-4470-98d8-672ecfa3857d
croco	1262.2820296149878			149.38336368456814			4	f6b49df8-efc8-4470-98d8-672ecfa3857d
croco	1722.1448192101254			147.0809989202858			5	f6b49df8-efc8-4470-98d8-672ecfa3857d
croco	2744.3504824803404			197.57144550352518			6	f6b49df8-efc8-4470-98d8-672ecfa3857d
croco	2461.6138686393892			319.77149391383847			7	f6b49df8-efc8-4470-98d8-672ecfa3857d
croco	2461.6138686393892			586.0310437522415			8	f6b49df8-efc8-4470-98d8-672ecfa3857d
croco	1669.4689359837964			586.0310437522415			9	f6b49df8-efc8-4470-98d8-672ecfa3857d
prochloro	8.760806311021511				10.82144116148117		1	f6b49df8-efc8-4470-98d8-672ecfa3857d
prochloro	4.287889231082171				6.381643558418054		2	f6b49df8-efc8-4470-98d8-672ecfa3857d
prochloro	3.5038857124890805				3.27241980792538		3	f6b49df8-efc8-4470-98d8-672ecfa3857d
prochloro	3.4498822223846424				2.513001415644227		4	f6b49df8-efc8-4470-98d8-672ecfa3857d
prochloro	4.355010648201042				2.3985884757327876		5	f6b49df8-efc8-4470-98d8-672ecfa3857d
prochloro	6.03459536360986				2.5523392359911403		6	f6b49df8-efc8-4470-98d8-672ecfa3857d
prochloro	8.897945519384713				2.513001415644227		7	f6b49df8-efc8-4470-98d8-672ecfa3857d
prochloro	30.352688085454872				6.283286747427136		8	f6b49df8-efc8-4470-98d8-672ecfa3857d
prochloro	39.52514196620938				14.091634881969139		9	f6b49df8-efc8-4470-98d8-672ecfa3857d
prochloro	14.179458548908318				14.76380744984246		10	f6b49df8-efc8-4470-98d8-672ecfa3857d
prochloro	7.8582245428736055				13.038663115644109		11	f6b49df8-efc8-4470-98d8-672ecfa3857d
picoeuk	896.9160640021615				3442.9146898710724		1	f6b49df8-efc8-4470-98d8-672ecfa3857d
picoeuk	61.05932747727341				416.40508603743694		2	f6b49df8-efc8-4470-98d8-672ecfa3857d
picoeuk	15.324558271276523				77.80085454417184		3	f6b49df8-efc8-4470-98d8-672ecfa3857d
picoeuk	13.11992431893187				20.777963045365976		4	f6b49df8-efc8-4470-98d8-672ecfa3857d
picoeuk	25.986065210357335				15.229642171556321		5	f6b49df8-efc8-4470-98d8-672ecfa3857d
picoeuk	48.36899502452916				6.790710206878807		6	f6b49df8-efc8-4470-98d8-672ecfa3857d
picoeuk	598.9141189349808				13.45006525730923		7	f6b49df8-efc8-4470-98d8-672ecfa3857d
picoeuk	2461.6138686393892				22.4559424712064		8	f6b49df8-efc8-4470-98d8-672ecfa3857d
picoeuk	3862.283703050954				51.951383325429		9	f6b49df8-efc8-4470-98d8-672ecfa3857d
picoeuk	3410.9775701295184				3607.142107586854		10	f6b49df8-efc8-4470-98d8-672ecfa3857d
picoeuk	1080.686594975949				3720.9563825006044		11	f6b49df8-efc8-4470-98d8-672ecfa3857d
beads	817.1049122756422			1583.5912250514987			1	80dea84c-ab2b-4fdc-9d2b-d1e8f5b22c6f
beads	721.6265666898627			1197.3500689670166			2	80dea84c-ab2b-4fdc-9d2b-d1e8f5b22c6f
beads	657.4133702543132			706.1038581435037			3	80dea84c-ab2b-4fdc-9d2b-d1e8f5b22c6f
beads	710.504527801885			509.5768043528434			4	80dea84c-ab2b-4fdc-9d2b-d1e8f5b22c6f
beads	954.4088469965973			509.5768043528434			5	80dea84c-ab2b-4fdc-9d2b-d1e8f5b22c6f
beads	1132.2354670334225			728.3831851651296			6	80dea84c-ab2b-4fdc-9d2b-d1e8f5b22c6f
beads	1149.9591639304037			1073.9931193925597			7	80dea84c-ab2b-4fdc-9d2b-d1e8f5b22c6f
beads	1080.686594975949			1398.549294718482			8	80dea84c-ab2b-4fdc-9d2b-d1e8f5b22c6f
beads	732.922706859657			1442.676991704617			9	80dea84c-ab2b-4fdc-9d2b-d1e8f5b22c6f
synecho	105.15991808355511			216.86934027445994			1	80dea84c-ab2b-4fdc-9d2b-d1e8f5b22c6f
synecho	25.986065210357335			46.59909384944719			2	80dea84c-ab2b-4fdc-9d2b-d1e8f5b22c6f
synecho	23.308851737978202			22.109841209196883			3	80dea84c-ab2b-4fdc-9d2b-d1e8f5b22c6f
synecho	29.884878566205032			9.706562558908876			4	80dea84c-ab2b-4fdc-9d2b-d1e8f5b22c6f
synecho	51.46947259006145			5.463562409741781			5	80dea84c-ab2b-4fdc-9d2b-d1e8f5b22c6f
synecho	85.93233515188008			4.395786787500616			6	80dea84c-ab2b-4fdc-9d2b-d1e8f5b22c6f
synecho	175.57275935726707			9.121847427047513			7	80dea84c-ab2b-4fdc-9d2b-d1e8f5b22c6f
synecho	243.2854119498453			109.49365779177408			8	80dea84c-ab2b-4fdc-9d2b-d1e8f5b22c6f
synecho	178.3211261597735			182.80827886674027			9	80dea84c-ab2b-4fdc-9d2b-d1e8f5b22c6f
synecho	70.22034972286484			123.98075372291275			10	80dea84c-ab2b-4fdc-9d2b-d1e8f5b22c6f
synecho	37.72562539426517			61.631028408424996			11	80dea84c-ab2b-4fdc-9d2b-d1e8f5b22c6f
croco	1223.6721403368063			586.0310437522415			1	80dea84c-ab2b-4fdc-9d2b-d1e8f5b22c6f
croco	1186.2432260825115			416.40508603743694			2	80dea84c-ab2b-4fdc-9d2b-d1e8f5b22c6f
croco	1302.1101566064685			314.8430293107536			3	80dea84c-ab2b-4fdc-9d2b-d1e8f5b22c6f
croco	1322.493024317406			149.38336368456814			4	80dea84c-ab2b-4fdc-9d2b-d1e8f5b22c6f
croco	1804.291320668193			163.97446223914986			5	80dea84c-ab2b-4fdc-9d2b-d1e8f5b22c6f
croco	2277.6742530460256			351.0053426340667			6	80dea84c-ab2b-4fdc-9d2b-d1e8f5b22c6f
croco	2965.977772741802			706.1038581435037			7	80dea84c-ab2b-4fdc-9d2b-d1e8f5b22c6f
croco	1097.6033602669802			559.349986520177			8	80dea84c-ab2b-4fdc-9d2b-d1e8f5b22c6f
prochloro	9.76705702420252				20.457723570170977		1	80dea84c-ab2b-4fdc-9d2b-d1e8f5b22c6f
prochloro	4.4231827651848725				12.064372747890957		2	80dea84c-ab2b-4fdc-9d2b-d1e8f5b22c6f
prochloro	2.649280782270632				7.4539963951145625		3	80dea84c-ab2b-4fdc-9d2b-d1e8f5b22c6f
prochloro	2.8632304671467907				5.05530765369683		4	80dea84c-ab2b-4fdc-9d2b-d1e8f5b22c6f
prochloro	5.008413675655064				2.715945499400278		5	80dea84c-ab2b-4fdc-9d2b-d1e8f5b22c6f
prochloro	14.855820315566673				2.474269887786895		6	80dea84c-ab2b-4fdc-9d2b-d1e8f5b22c6f
prochloro	33.83894413868209				6.0910975219374786		7	80dea84c-ab2b-4fdc-9d2b-d1e8f5b22c6f
prochloro	39.52514196620938				11.878431114011542		8	80dea84c-ab2b-4fdc-9d2b-d1e8f5b22c6f
prochloro	36.571697678232496				22.4559424712064		9	80dea84c-ab2b-4fdc-9d2b-d1e8f5b22c6f
prochloro	15.088369166133067				22.4559424712064		10	80dea84c-ab2b-4fdc-9d2b-d1e8f5b22c6f
prochloro	4.931221712056449				13.660608811901957		11	80dea84c-ab2b-4fdc-9d2b-d1e8f5b22c6f
picoeuk	1015.5869470782274				2947.607322053305		1	80dea84c-ab2b-4fdc-9d2b-d1e8f5b22c6f
picoeuk	25.19121978199179				96.69937257694302		2	80dea84c-ab2b-4fdc-9d2b-d1e8f5b22c6f
picoeuk	16.56213355395226				25.42708618277338		3	80dea84c-ab2b-4fdc-9d2b-d1e8f5b22c6f
picoeuk	39.52514196620938				7.00497394678518		4	80dea84c-ab2b-4fdc-9d2b-d1e8f5b22c6f
picoeuk	120.93756236348243				5.813779582347902		5	80dea84c-ab2b-4fdc-9d2b-d1e8f5b22c6f
picoeuk	1080.686594975949				23.52709345129606		6	80dea84c-ab2b-4fdc-9d2b-d1e8f5b22c6f
picoeuk	3464.372057703542				84.08386856979546		7	80dea84c-ab2b-4fdc-9d2b-d1e8f5b22c6f
picoeuk	3573.6815836436645				478.88032796973937		8	80dea84c-ab2b-4fdc-9d2b-d1e8f5b22c6f
picoeuk	3744.1465968915627				2299.0002083934855		9	80dea84c-ab2b-4fdc-9d2b-d1e8f5b22c6f
picoeuk	3107.4552458993035				3720.9563825006044		10	80dea84c-ab2b-4fdc-9d2b-d1e8f5b22c6f
picoeuk	910.9561368697415				3040.611639622149		11	80dea84c-ab2b-4fdc-9d2b-d1e8f5b22c6f
beads	829.8956437267196			1559.1841923829625			1	c70dc024-0e74-45cb-aec7-84fe3c497c0a
beads	883.0923831628568			1125.22271191231			2	c70dc024-0e74-45cb-aec7-84fe3c497c0a
beads	792.1118208337547			933.8788235054279			3	c70dc024-0e74-45cb-aec7-84fe3c497c0a
beads	678.1563916885735			695.2210623433897			4	c70dc024-0e74-45cb-aec7-84fe3c497c0a
beads	842.8865977056442			595.2046095820605			5	c70dc024-0e74-45cb-aec7-84fe3c497c0a
beads	1097.6033602669802			706.1038581435037			6	c70dc024-0e74-45cb-aec7-84fe3c497c0a
beads	1031.4846607134543			891.360812551224			7	c70dc024-0e74-45cb-aec7-84fe3c497c0a
beads	1015.5869470782274			1057.4402459387777			8	c70dc024-0e74-45cb-aec7-84fe3c497c0a
beads	1322.493024317406			1583.5912250514987			9	c70dc024-0e74-45cb-aec7-84fe3c497c0a
beads	954.4088469965973			1711.4783277851072			10	c70dc024-0e74-45cb-aec7-84fe3c497c0a
beads	817.1049122756422			1659.1287044937549			11	c70dc024-0e74-45cb-aec7-84fe3c497c0a
synecho	50.67620152422999			90.87428403049942			1	c70dc024-0e74-45cb-aec7-84fe3c497c0a
synecho	17.623774869744285			30.63688152089464			2	c70dc024-0e74-45cb-aec7-84fe3c497c0a
synecho	17.623774869744285			8.440233982059963			3	c70dc024-0e74-45cb-aec7-84fe3c497c0a
synecho	33.83894413868209			5.724174950831064			4	c70dc024-0e74-45cb-aec7-84fe3c497c0a
synecho	62.98590061364378			5.296446397031929			5	c70dc024-0e74-45cb-aec7-84fe3c497c0a
synecho	143.47079643635092			6.0910975219374786			6	c70dc024-0e74-45cb-aec7-84fe3c497c0a
synecho	192.72192089771215			14.5362608929786			7	c70dc024-0e74-45cb-aec7-84fe3c497c0a
synecho	375.8327712368145			38.07885193732205			8	c70dc024-0e74-45cb-aec7-84fe3c497c0a
synecho	162.45340449975964			85.40009389910922			9	c70dc024-0e74-45cb-aec7-84fe3c497c0a
synecho	43.385780979738065			86.7369230510942			10	c70dc024-0e74-45cb-aec7-84fe3c497c0a
croco	999.9342562809094			422.92337463214585			1	c70dc024-0e74-45cb-aec7-84fe3c497c0a
croco	883.0923831628568			149.38336368456814			2	c70dc024-0e74-45cb-aec7-84fe3c497c0a
croco	1064.0305586133015			114.71651757633433			3	c70dc024-0e74-45cb-aec7-84fe3c497c0a
croco	1568.9015370598302			131.92798407741427			4	c70dc024-0e74-45cb-aec7-84fe3c497c0a
croco	2011.5290295905565			295.87715109363927			5	c70dc024-0e74-45cb-aec7-84fe3c497c0a
croco	1544.720908585149			478.88032796973937			6	c70dc024-0e74-45cb-aec7-84fe3c497c0a
croco	1031.4846607134543			314.8430293107536			7	c70dc024-0e74-45cb-aec7-84fe3c497c0a
croco	1080.686594975949			319.77149391383847			8	c70dc024-0e74-45cb-aec7-84fe3c497c0a
croco	969.3488957872307			142.58217777730516			9	c70dc024-0e74-45cb-aec7-84fe3c497c0a
croco	1593.4606823204117			106.14453461262781			10	c70dc024-0e74-45cb-aec7-84fe3c497c0a
croco	1890.3562194796814			197.57144550352518			11	c70dc024-0e74-45cb-aec7-84fe3c497c0a
croco	2074.997756672112			367.748336933294			12	c70dc024-0e74-45cb-aec7-84fe3c497c0a
croco	1451.6682254884538			471.4996052022862			13	c70dc024-0e74-45cb-aec7-84fe3c497c0a
prochloro	5.086813980632783				13.660608811901957		1	c70dc024-0e74-45cb-aec7-84fe3c497c0a
prochloro	2.6907518816550993				4.977392938648275		2	c70dc024-0e74-45cb-aec7-84fe3c497c0a
prochloro	3.292814596018005				2.715945499400278		3	c70dc024-0e74-45cb-aec7-84fe3c497c0a
prochloro	4.855219466326625				2.1851525518493613		4	c70dc024-0e74-45cb-aec7-84fe3c497c0a
prochloro	6.939994500043995				2.05352080737365		5	c70dc024-0e74-45cb-aec7-84fe3c497c0a
prochloro	17.623774869744285				2.1851525518493613		6	c70dc024-0e74-45cb-aec7-84fe3c497c0a
prochloro	25.58555608118148				3.705393375897043		7	c70dc024-0e74-45cb-aec7-84fe3c497c0a
prochloro	28.08463871760266				5.904786859671031		8	c70dc024-0e74-45cb-aec7-84fe3c497c0a
prochloro	24.420686585966116				12.064372747890957		9	c70dc024-0e74-45cb-aec7-84fe3c497c0a
prochloro	9.91994779941032				15.956097815063341		10	c70dc024-0e74-45cb-aec7-84fe3c497c0a
prochloro	6.421416043519572				15.229642171556321		11	c70dc024-0e74-45cb-aec7-84fe3c497c0a
picoeuk	205.0754955755947				3088.208522647988		1	c70dc024-0e74-45cb-aec7-84fe3c497c0a
picoeuk	18.17984865287144				158.95891445904417		2	c70dc024-0e74-45cb-aec7-84fe3c497c0a
picoeuk	14.179458548908318				39.2803341061778		3	c70dc024-0e74-45cb-aec7-84fe3c497c0a
picoeuk	20.267953905176903				19.5263160974224		4	c70dc024-0e74-45cb-aec7-84fe3c497c0a
picoeuk	25.19121978199179				12.064372747890957		5	c70dc024-0e74-45cb-aec7-84fe3c497c0a
picoeuk	42.058723982510635				7.8095528610455425		6	c70dc024-0e74-45cb-aec7-84fe3c497c0a
picoeuk	164.99640459564995				9.556960574680414		7	c70dc024-0e74-45cb-aec7-84fe3c497c0a
picoeuk	896.9160640021615				17.244674745916296		8	c70dc024-0e74-45cb-aec7-84fe3c497c0a
picoeuk	3205.5031616980937				51.951383325429		9	c70dc024-0e74-45cb-aec7-84fe3c497c0a
picoeuk	3358.4060228332223				613.9847904134239		10	c70dc024-0e74-45cb-aec7-84fe3c497c0a
picoeuk	3629.6229942768946				3286.1642841290823		11	c70dc024-0e74-45cb-aec7-84fe3c497c0a
beads	779.9034309523354			850.7785787128519			1	b955048c-a204-4c74-b16d-f997fce424d5
beads	744.3956736439699			706.1038581435037			2	b955048c-a204-4c74-b16d-f997fce424d5
beads	829.8956437267196			623.5959363645007			3	b955048c-a204-4c74-b16d-f997fce424d5
beads	969.3488957872307			613.9847904134239			4	b955048c-a204-4c74-b16d-f997fce424d5
beads	1047.631232705474			717.1570101811405			5	b955048c-a204-4c74-b16d-f997fce424d5
beads	1097.6033602669802			933.8788235054279			6	b955048c-a204-4c74-b16d-f997fce424d5
beads	969.3488957872307			1041.1424929458508			7	b955048c-a204-4c74-b16d-f997fce424d5
beads	1223.6721403368063			1254.4638018476967			8	b955048c-a204-4c74-b16d-f997fce424d5
beads	1262.2820296149878			1659.1287044937549			9	b955048c-a204-4c74-b16d-f997fce424d5
beads	817.1049122756422			1659.1287044937549			10	b955048c-a204-4c74-b16d-f997fce424d5
beads	817.1049122756422			1107.8802645341177			11	b955048c-a204-4c74-b16d-f997fce424d5
beads	910.9561368697415			978.4249483614856			12	b955048c-a204-4c74-b16d-f997fce424d5
beads	779.9034309523354			891.360812551224			13	b955048c-a204-4c74-b16d-f997fce424d5
synecho	53.924572218154644			67.65087149768901			1	b955048c-a204-4c74-b16d-f997fce424d5
synecho	132.75020232466665			129.8946496118442			2	b955048c-a204-4c74-b16d-f997fce424d5
synecho	262.932569612396			104.50858646963863			3	b955048c-a204-4c74-b16d-f997fce424d5
synecho	293.1325393752411			53.59057824694697			4	b955048c-a204-4c74-b16d-f997fce424d5
synecho	316.8052338083802			15.956097815063341			5	b955048c-a204-4c74-b16d-f997fce424d5
synecho	71.31955941088933			4.004632229860993			6	b955048c-a204-4c74-b16d-f997fce424d5
synecho	25.58555608118148			4.328036909862237			7	b955048c-a204-4c74-b16d-f997fce424d5
synecho	13.325299939737446			6.897010082590444			8	b955048c-a204-4c74-b16d-f997fce424d5
synecho	13.96091824472464			14.994915956778758			9	b955048c-a204-4c74-b16d-f997fce424d5
synecho	21.567140219682205			42.45252150137124			10	b955048c-a204-4c74-b16d-f997fce424d5
synecho	37.72562539426517			60.68114279402913			11	b955048c-a204-4c74-b16d-f997fce424d5
croco	1114.784935864016			391.32119528698223			1	b955048c-a204-4c74-b16d-f997fce424d5
croco	1132.2354670334225			144.8141192553951			2	b955048c-a204-4c74-b16d-f997fce424d5
croco	1343.1949597308826			101.31194351858383			3	b955048c-a204-4c74-b16d-f997fce424d5
croco	1618.4042695626508			101.31194351858383			4	b955048c-a204-4c74-b16d-f997fce424d5
croco	1890.3562194796814			166.54127254689158			5	b955048c-a204-4c74-b16d-f997fce424d5
croco	2011.5290295905565			429.5436986909463			6	b955048c-a204-4c74-b16d-f997fce424d5
croco	2011.5290295905565			613.9847904134239			7	b955048c-a204-4c74-b16d-f997fce424d5
croco	1474.3922333231064			509.5768043528434			8	b955048c-a204-4c74-b16d-f997fce424d5
croco	1262.2820296149878			305.21280863384			9	b955048c-a204-4c74-b16d-f997fce424d5
prochloro	5.671076434807967				10.169566684057854		1	b955048c-a204-4c74-b16d-f997fce424d5
prochloro	3.192096052948348				5.813779582347902		2	b955048c-a204-4c74-b16d-f997fce424d5
prochloro	2.999806882277856				3.221983776269165		3	b955048c-a204-4c74-b16d-f997fce424d5
prochloro	3.292814596018005				2.474269887786895		4	b955048c-a204-4c74-b16d-f997fce424d5
prochloro	4.56274514565546				2.085666046964931		5	b955048c-a204-4c74-b16d-f997fce424d5
prochloro	7.500452133022448				2.05352080737365		6	b955048c-a204-4c74-b16d-f997fce424d5
prochloro	13.533890452991791				2.1851525518493613		7	b955048c-a204-4c74-b16d-f997fce424d5
prochloro	24.802961174307633				2.325221959138861		8	b955048c-a204-4c74-b16d-f997fce424d5
prochloro	31.800514718996464				5.635951346901451		9	b955048c-a204-4c74-b16d-f997fce424d5
prochloro	36.571697678232496				9.85850637069959		10	b955048c-a204-4c74-b16d-f997fce424d5
prochloro	26.80598998225853				14.091634881969139		11	b955048c-a204-4c74-b16d-f997fce424d5
prochloro	6.521935091825796				11.51510112962575		12	b955048c-a204-4c74-b16d-f997fce424d5
picoeuk	132.75020232466665				2299.0002083934855		1	b955048c-a204-4c74-b16d-f997fce424d5
picoeuk	15.564444614522676				161.44721278653518		2	b955048c-a204-4c74-b16d-f997fce424d5
picoeuk	13.533890452991791				31.603551075882542		3	b955048c-a204-4c74-b16d-f997fce424d5
picoeuk	18.17984865287144				20.777963045365976		4	b955048c-a204-4c74-b16d-f997fce424d5
picoeuk	26.392843797271176				10.654656158021497		5	b955048c-a204-4c74-b16d-f997fce424d5
picoeuk	38.91596239010607				7.114627847072696		6	b955048c-a204-4c74-b16d-f997fce424d5
picoeuk	139.0824018976524				7.4539963951145625		7	b955048c-a204-4c74-b16d-f997fce424d5
picoeuk	856.0809084397926				11.878431114011542		8	b955048c-a204-4c74-b16d-f997fce424d5
picoeuk	2744.3504824803404				28.79134164932914		9	b955048c-a204-4c74-b16d-f997fce424d5
picoeuk	3059.561723566719				171.79606251989276		10	b955048c-a204-4c74-b16d-f997fce424d5
picoeuk	3686.4400960847347				1488.197026914833		11	b955048c-a204-4c74-b16d-f997fce424d5
picoeuk	3306.6447322824783				3286.1642841290823		12	b955048c-a204-4c74-b16d-f997fce424d5
picoeuk	1242.827161309111				3136.550473950306		13	b955048c-a204-4c74-b16d-f997fce424d5
beads	829.8956437267196			877.622751789563			1	c32938f0-9966-48c7-9be5-06400967955c
beads	829.8956437267196			533.8836752006544			2	c32938f0-9966-48c7-9be5-06400967955c
beads	984.5228119173914			533.8836752006544			3	c32938f0-9966-48c7-9be5-06400967955c
beads	1643.7383167336566			812.0439891506495			4	c32938f0-9966-48c7-9be5-06400967955c
beads	1497.4719564121117			1398.549294718482			5	c32938f0-9966-48c7-9be5-06400967955c
beads	699.553906867092			1160.7262776862847			6	c32938f0-9966-48c7-9be5-06400967955c
synecho	20.585222779184658			14.5362608929786			1	c32938f0-9966-48c7-9be5-06400967955c
synecho	11.58686699745087			6.583000231567055			2	c32938f0-9966-48c7-9be5-06400967955c
synecho	21.567140219682205			3.763396566037831			3	c32938f0-9966-48c7-9be5-06400967955c
synecho	51.46947259006145			3.0278941943844537			4	c32938f0-9966-48c7-9be5-06400967955c
synecho	152.667348596146			4.0673196212142315			5	c32938f0-9966-48c7-9be5-06400967955c
synecho	198.80277522303092			11.878431114011542			6	c32938f0-9966-48c7-9be5-06400967955c
synecho	98.8251734202839			28.347596315880903			7	c32938f0-9966-48c7-9be5-06400967955c
synecho	12.329591157053208			15.468042724760496			8	c32938f0-9966-48c7-9be5-06400967955c
croco	1302.1101566064685			286.8270467780821			1	c32938f0-9966-48c7-9be5-06400967955c
croco	925.2159891058034			179.9907540132325			2	c32938f0-9966-48c7-9be5-06400967955c
croco	969.3488957872307			85.40009389910922			3	c32938f0-9966-48c7-9be5-06400967955c
croco	1015.5869470782274			57.025761994186276			4	c32938f0-9966-48c7-9be5-06400967955c
croco	1343.1949597308826			58.825066141123365			5	c32938f0-9966-48c7-9be5-06400967955c
croco	1722.1448192101254			116.51225781394352			6	c32938f0-9966-48c7-9be5-06400967955c
croco	1643.7383167336566			223.7121055379759			7	c32938f0-9966-48c7-9be5-06400967955c
croco	1064.0305586133015			309.99052445957363			8	c32938f0-9966-48c7-9be5-06400967955c
prochloro	5.8500129538462815				8.440233982059963		1	c32938f0-9966-48c7-9be5-06400967955c
prochloro	2.6907518816550993				3.123431761791235		2	c32938f0-9966-48c7-9be5-06400967955c
prochloro	3.242064230554323				1.3088047610219382		3	c32938f0-9966-48c7-9be5-06400967955c
prochloro	6.129059229329232				1.1923421180225375		4	c32938f0-9966-48c7-9be5-06400967955c
prochloro	15.80808607140128				1.8135678143510474		5	c32938f0-9966-48c7-9be5-06400967955c
prochloro	24.044303788522683				4.130988303434922		6	c32938f0-9966-48c7-9be5-06400967955c
prochloro	19.648010471130842				6.686048673498269		7	c32938f0-9966-48c7-9be5-06400967955c
prochloro	6.421416043519572				7.689188458420108		8	c32938f0-9966-48c7-9be5-06400967955c
picoeuk	103.53914530110767				1821.1849726409985		1	c32938f0-9966-48c7-9be5-06400967955c
picoeuk	11.952461372860483				28.79134164932914		2	c32938f0-9966-48c7-9be5-06400967955c
picoeuk	19.648010471130842				7.114627847072696		3	c32938f0-9966-48c7-9be5-06400967955c
picoeuk	35.453065577843425				3.375672764571877		4	c32938f0-9966-48c7-9be5-06400967955c
picoeuk	262.932569612396				4.605466311383158		5	c32938f0-9966-48c7-9be5-06400967955c
picoeuk	1568.9015370598302				11.51510112962575		6	c32938f0-9966-48c7-9be5-06400967955c
picoeuk	3255.6812104295227				76.60175216948046		7	c32938f0-9966-48c7-9be5-06400967955c
picoeuk	3255.6812104295227				3337.60497948037		8	c32938f0-9966-48c7-9be5-06400967955c
picoeuk	721.6265666898627				3337.60497948037		9	c32938f0-9966-48c7-9be5-06400967955c
beads	896.9160640021615			1334.8755795252907			1	1f72def5-77b8-4f36-bf25-c742d1249f54
beads	925.2159891058034			1025.0959283804882			2	1f72def5-77b8-4f36-bf25-c742d1249f54
beads	1064.0305586133015			891.360812551224			3	1f72def5-77b8-4f36-bf25-c742d1249f54
beads	1385.5760902352895			864.0964283073884			4	1f72def5-77b8-4f36-bf25-c742d1249f54
beads	1474.3922333231064			1125.22271191231			5	1f72def5-77b8-4f36-bf25-c742d1249f54
beads	1593.4606823204117			1465.2602532837798			6	1f72def5-77b8-4f36-bf25-c742d1249f54
beads	1322.493024317406			1488.197026914833			7	1f72def5-77b8-4f36-bf25-c742d1249f54
beads	1097.6033602669802			1488.197026914833			8	1f72def5-77b8-4f36-bf25-c742d1249f54
synecho	34.90664670656555			24.26943156887542			1	1f72def5-77b8-4f36-bf25-c742d1249f54
synecho	20.907458091289			10.169566684057854			2	1f72def5-77b8-4f36-bf25-c742d1249f54
synecho	23.67372197499967			6.283286747427136			3	1f72def5-77b8-4f36-bf25-c742d1249f54
synecho	113.65238573218845			5.134442023873268			4	1f72def5-77b8-4f36-bf25-c742d1249f54
synecho	254.89015344692265			5.463562409741781			5	1f72def5-77b8-4f36-bf25-c742d1249f54
synecho	311.9224865635078			13.242766696332163			6	1f72def5-77b8-4f36-bf25-c742d1249f54
synecho	155.0571605136914			16.978891926951636			7	1f72def5-77b8-4f36-bf25-c742d1249f54
synecho	78.28573485751384			25.825114668542046			8	1f72def5-77b8-4f36-bf25-c742d1249f54
synecho	43.385780979738065			24.26943156887542			9	1f72def5-77b8-4f36-bf25-c742d1249f54
croco	1364.2209574433534			464.232637511808			1	1f72def5-77b8-4f36-bf25-c742d1249f54
croco	1047.631232705474			191.52825431767891			2	1f72def5-77b8-4f36-bf25-c742d1249f54
croco	1262.2820296149878			131.92798407741427			3	1f72def5-77b8-4f36-bf25-c742d1249f54
croco	2173.9753829103797			177.21665414216727			4	1f72def5-77b8-4f36-bf25-c742d1249f54
croco	2500.147282717542			335.02463011819617			5	1f72def5-77b8-4f36-bf25-c742d1249f54
croco	1385.5760902352895			542.2409407280231			6	1f72def5-77b8-4f36-bf25-c742d1249f54
croco	1451.6682254884538			314.8430293107536			7	1f72def5-77b8-4f36-bf25-c742d1249f54
croco	1167.960302614756			163.97446223914986			8	1f72def5-77b8-4f36-bf25-c742d1249f54
croco	1544.720908585149			140.38463600269188			9	1f72def5-77b8-4f36-bf25-c742d1249f54
croco	1950.0016440378815			197.57144550352518			10	1f72def5-77b8-4f36-bf25-c742d1249f54
croco	2423.674349173274			471.4996052022862			11	1f72def5-77b8-4f36-bf25-c742d1249f54
croco	1695.6023351413312			471.4996052022862			12	1f72def5-77b8-4f36-bf25-c742d1249f54
prochloro	10.07523188399326				13.874448156331574		1	1f72def5-77b8-4f36-bf25-c742d1249f54
prochloro	5.412881384327854				5.997218739425069		2	1f72def5-77b8-4f36-bf25-c742d1249f54
prochloro	4.780388601989334				3.123431761791235		3	1f72def5-77b8-4f36-bf25-c742d1249f54
prochloro	4.780388601989334				1.7580955420158997		4	1f72def5-77b8-4f36-bf25-c742d1249f54
prochloro	9.616522671590522				1.7043200206782472		5	1f72def5-77b8-4f36-bf25-c742d1249f54
prochloro	19.34518634211671				2.1183144791338915		6	1f72def5-77b8-4f36-bf25-c742d1249f54
prochloro	35.453065577843425				4.534484756965845		7	1f72def5-77b8-4f36-bf25-c742d1249f54
prochloro	38.316171768411984				8.572355040967954		8	1f72def5-77b8-4f36-bf25-c742d1249f54
prochloro	29.424279141352272				13.45006525730923		9	1f72def5-77b8-4f36-bf25-c742d1249f54
prochloro	12.329591157053208				14.091634881969139		10	1f72def5-77b8-4f36-bf25-c742d1249f54
picoeuk	792.1118208337547				2857.447762089717		1	1f72def5-77b8-4f36-bf25-c742d1249f54
picoeuk	65.990335152993				864.0964283073884		2	1f72def5-77b8-4f36-bf25-c742d1249f54
picoeuk	17.084709921959238				118.33610806630124		3	1f72def5-77b8-4f36-bf25-c742d1249f54
picoeuk	18.17984865287144				25.42708618277338		4	1f72def5-77b8-4f36-bf25-c742d1249f54
picoeuk	54.76869236906114				8.440233982059963		5	1f72def5-77b8-4f36-bf25-c742d1249f54
picoeuk	115.43146834793963				7.00497394678518		6	1f72def5-77b8-4f36-bf25-c742d1249f54
picoeuk	412.5424346819171				8.440233982059963		7	1f72def5-77b8-4f36-bf25-c742d1249f54
picoeuk	1031.4846607134543				16.20587010145333		8	1f72def5-77b8-4f36-bf25-c742d1249f54
picoeuk	3464.372057703542				54.429470149769536		9	1f72def5-77b8-4f36-bf25-c742d1249f54
picoeuk	3518.602367631906				3185.6491566192353		10	1f72def5-77b8-4f36-bf25-c742d1249f54
picoeuk	869.4817592188587				3337.60497948037		11	1f72def5-77b8-4f36-bf25-c742d1249f54
beads	1132.2354670334225			1583.5912250514987			1	fe9c7ba0-87d3-4287-aad1-6e3d922bde85
beads	896.9160640021615			1274.1008268655032			2	fe9c7ba0-87d3-4287-aad1-6e3d922bde85
beads	925.2159891058034			919.4854557011768			3	fe9c7ba0-87d3-4287-aad1-6e3d922bde85
beads	1080.686594975949			837.665989910991			4	fe9c7ba0-87d3-4287-aad1-6e3d922bde85
beads	1364.2209574433534			837.665989910991			5	fe9c7ba0-87d3-4287-aad1-6e3d922bde85
beads	1497.4719564121117			1160.7262776862847			6	fe9c7ba0-87d3-4287-aad1-6e3d922bde85
beads	1618.4042695626508			1398.549294718482			7	fe9c7ba0-87d3-4287-aad1-6e3d922bde85
beads	1451.6682254884538			1488.197026914833			8	fe9c7ba0-87d3-4287-aad1-6e3d922bde85
beads	1132.2354670334225			1488.197026914833			9	fe9c7ba0-87d3-4287-aad1-6e3d922bde85
synecho	41.410495680914245			28.347596315880903			1	fe9c7ba0-87d3-4287-aad1-6e3d922bde85
synecho	23.67372197499967			10.990836970673705			2	fe9c7ba0-87d3-4287-aad1-6e3d922bde85
synecho	34.36864949299261			6.790710206878807			3	fe9c7ba0-87d3-4287-aad1-6e3d922bde85
synecho	63.971864261456844			5.724174950831064			4	fe9c7ba0-87d3-4287-aad1-6e3d922bde85
synecho	175.57275935726707			5.463562409741781			5	fe9c7ba0-87d3-4287-aad1-6e3d922bde85
synecho	275.4744827384615			5.997218739425069			6	fe9c7ba0-87d3-4287-aad1-6e3d922bde85
synecho	316.8052338083802			12.639844684089576			7	fe9c7ba0-87d3-4287-aad1-6e3d922bde85
synecho	432.2207551890486			30.164691882360728			8	fe9c7ba0-87d3-4287-aad1-6e3d922bde85
synecho	279.7866831394101			44.47751154896227			9	fe9c7ba0-87d3-4287-aad1-6e3d922bde85
synecho	69.13808155758979			39.89521745507537			10	fe9c7ba0-87d3-4287-aad1-6e3d922bde85
croco	1568.9015370598302			559.349986520177			1	fe9c7ba0-87d3-4287-aad1-6e3d922bde85
croco	1132.2354670334225			340.26901184808133			2	fe9c7ba0-87d3-4287-aad1-6e3d922bde85
croco	1132.2354670334225			197.57144550352518			3	fe9c7ba0-87d3-4287-aad1-6e3d922bde85
croco	1186.2432260825115			158.95891445904417			4	fe9c7ba0-87d3-4287-aad1-6e3d922bde85
croco	1695.6023351413312			161.44721278653518			5	fe9c7ba0-87d3-4287-aad1-6e3d922bde85
croco	2579.033126876988			234.38319811902323			6	fe9c7ba0-87d3-4287-aad1-6e3d922bde85
croco	2619.404589138113			517.5535769315595			7	fe9c7ba0-87d3-4287-aad1-6e3d922bde85
croco	2386.3195709436577			633.3575325025126			8	fe9c7ba0-87d3-4287-aad1-6e3d922bde85
croco	1429.2944504618713			653.3415326258568			9	fe9c7ba0-87d3-4287-aad1-6e3d922bde85
prochloro	7.981234989023318				13.874448156331574		1	fe9c7ba0-87d3-4287-aad1-6e3d922bde85
prochloro	4.4231827651848725				5.463562409741781		2	fe9c7ba0-87d3-4287-aad1-6e3d922bde85
prochloro	4.156733970557958				2.3985884757327876		3	fe9c7ba0-87d3-4287-aad1-6e3d922bde85
prochloro	5.412881384327854				1.5769678094133244		4	fe9c7ba0-87d3-4287-aad1-6e3d922bde85
prochloro	7.981234989023318				1.5769678094133244		5	fe9c7ba0-87d3-4287-aad1-6e3d922bde85
prochloro	14.626855614307889				1.9600272855322778		6	fe9c7ba0-87d3-4287-aad1-6e3d922bde85
prochloro	29.424279141352272				4.677558991173594		7	fe9c7ba0-87d3-4287-aad1-6e3d922bde85
prochloro	32.29831107007195				9.85850637069959		8	fe9c7ba0-87d3-4287-aad1-6e3d922bde85
prochloro	21.567140219682205				15.956097815063341		9	fe9c7ba0-87d3-4287-aad1-6e3d922bde85
prochloro	8.760806311021511				15.956097815063341		10	fe9c7ba0-87d3-4287-aad1-6e3d922bde85
picoeuk	1282.0414389806208				3959.4716086370295		1	fe9c7ba0-87d3-4287-aad1-6e3d922bde85
picoeuk	44.06492984418623				227.21403218326043		2	fe9c7ba0-87d3-4287-aad1-6e3d922bde85
picoeuk	25.58555608118148				36.91411994982109		3	fe9c7ba0-87d3-4287-aad1-6e3d922bde85
picoeuk	29.424279141352272				18.067247669724775		4	fe9c7ba0-87d3-4287-aad1-6e3d922bde85
picoeuk	47.62350993782723				11.51510112962575		5	fe9c7ba0-87d3-4287-aad1-6e3d922bde85
picoeuk	51.46947259006145				7.8095528610455425		6	fe9c7ba0-87d3-4287-aad1-6e3d922bde85
picoeuk	143.47079643635092				7.8095528610455425		7	fe9c7ba0-87d3-4287-aad1-6e3d922bde85
picoeuk	406.1841418844109				11.162884454420839		8	fe9c7ba0-87d3-4287-aad1-6e3d922bde85
picoeuk	999.9342562809094				20.777963045365976		9	fe9c7ba0-87d3-4287-aad1-6e3d922bde85
picoeuk	2011.5290295905565				51.150684830804444		10	fe9c7ba0-87d3-4287-aad1-6e3d922bde85
picoeuk	3573.6815836436645				118.33610806630124		11	fe9c7ba0-87d3-4287-aad1-6e3d922bde85
picoeuk	3518.602367631906				3720.9563825006044		12	fe9c7ba0-87d3-4287-aad1-6e3d922bde85
picoeuk	1223.6721403368063				3720.9563825006044		13	fe9c7ba0-87d3-4287-aad1-6e3d922bde85
