pop	fsc_small	fsc_perp	fsc_big	pe	chl_small	chl_big	point_order	gating_id
beads	896.9160640021615	NA	NA	1334.8755795252907	NA	NA	1	1f72def5-77b8-4f36-bf25-c742d1249f54
beads	925.2159891058034	NA	NA	1025.0959283804882	NA	NA	2	1f72def5-77b8-4f36-bf25-c742d1249f54
beads	1064.0305586133015	NA	NA	891.360812551224	NA	NA	3	1f72def5-77b8-4f36-bf25-c742d1249f54
beads	1385.5760902352897	NA	NA	864.0964283073884	NA	NA	4	1f72def5-77b8-4f36-bf25-c742d1249f54
beads	1474.3922333231064	NA	NA	1125.22271191231	NA	NA	5	1f72def5-77b8-4f36-bf25-c742d1249f54
beads	1593.4606823204117	NA	NA	1465.2602532837798	NA	NA	6	1f72def5-77b8-4f36-bf25-c742d1249f54
beads	1322.493024317406	NA	NA	1488.197026914833	NA	NA	7	1f72def5-77b8-4f36-bf25-c742d1249f54
beads	1097.6033602669802	NA	NA	1488.197026914833	NA	NA	8	1f72def5-77b8-4f36-bf25-c742d1249f54
croco	1364.2209574433534	NA	NA	464.232637511808	NA	NA	1	1f72def5-77b8-4f36-bf25-c742d1249f54
croco	1047.631232705474	NA	NA	191.5282543176789	NA	NA	2	1f72def5-77b8-4f36-bf25-c742d1249f54
croco	1262.2820296149878	NA	NA	131.9279840774143	NA	NA	3	1f72def5-77b8-4f36-bf25-c742d1249f54
croco	2173.97538291038	NA	NA	177.21665414216727	NA	NA	4	1f72def5-77b8-4f36-bf25-c742d1249f54
croco	2500.147282717542	NA	NA	335.02463011819617	NA	NA	5	1f72def5-77b8-4f36-bf25-c742d1249f54
croco	1385.5760902352897	NA	NA	542.2409407280231	NA	NA	6	1f72def5-77b8-4f36-bf25-c742d1249f54
croco	1451.6682254884538	NA	NA	314.8430293107536	NA	NA	7	1f72def5-77b8-4f36-bf25-c742d1249f54
croco	1167.960302614756	NA	NA	163.97446223914986	NA	NA	8	1f72def5-77b8-4f36-bf25-c742d1249f54
croco	1544.720908585149	NA	NA	140.38463600269188	NA	NA	9	1f72def5-77b8-4f36-bf25-c742d1249f54
croco	1950.0016440378813	NA	NA	197.5714455035252	NA	NA	10	1f72def5-77b8-4f36-bf25-c742d1249f54
croco	2423.674349173274	NA	NA	471.4996052022862	NA	NA	11	1f72def5-77b8-4f36-bf25-c742d1249f54
croco	1695.6023351413312	NA	NA	471.4996052022862	NA	NA	12	1f72def5-77b8-4f36-bf25-c742d1249f54
picoeuk	792.1118208337547	NA	NA	NA	2857.447762089717	NA	1	1f72def5-77b8-4f36-bf25-c742d1249f54
picoeuk	65.990335152993	NA	NA	NA	864.0964283073884	NA	2	1f72def5-77b8-4f36-bf25-c742d1249f54
picoeuk	17.084709921959238	NA	NA	NA	118.33610806630124	NA	3	1f72def5-77b8-4f36-bf25-c742d1249f54
picoeuk	18.17984865287144	NA	NA	NA	25.42708618277338	NA	4	1f72def5-77b8-4f36-bf25-c742d1249f54
picoeuk	54.76869236906114	NA	NA	NA	8.440233982059963	NA	5	1f72def5-77b8-4f36-bf25-c742d1249f54
picoeuk	115.43146834793964	NA	NA	NA	7.00497394678518	NA	6	1f72def5-77b8-4f36-bf25-c742d1249f54
picoeuk	412.5424346819171	NA	NA	NA	8.440233982059963	NA	7	1f72def5-77b8-4f36-bf25-c742d1249f54
picoeuk	1031.4846607134543	NA	NA	NA	16.20587010145333	NA	8	1f72def5-77b8-4f36-bf25-c742d1249f54
picoeuk	3464.372057703542	NA	NA	NA	54.429470149769536	NA	9	1f72def5-77b8-4f36-bf25-c742d1249f54
picoeuk	3518.602367631906	NA	NA	NA	3185.649156619236	NA	10	1f72def5-77b8-4f36-bf25-c742d1249f54
picoeuk	869.4817592188587	NA	NA	NA	3337.60497948037	NA	11	1f72def5-77b8-4f36-bf25-c742d1249f54
prochloro	10.07523188399326	NA	NA	NA	13.874448156331574	NA	1	1f72def5-77b8-4f36-bf25-c742d1249f54
prochloro	5.412881384327854	NA	NA	NA	5.997218739425069	NA	2	1f72def5-77b8-4f36-bf25-c742d1249f54
prochloro	4.780388601989334	NA	NA	NA	3.123431761791235	NA	3	1f72def5-77b8-4f36-bf25-c742d1249f54
prochloro	4.780388601989334	NA	NA	NA	1.7580955420158997	NA	4	1f72def5-77b8-4f36-bf25-c742d1249f54
prochloro	9.616522671590522	NA	NA	NA	1.7043200206782472	NA	5	1f72def5-77b8-4f36-bf25-c742d1249f54
prochloro	19.34518634211671	NA	NA	NA	2.1183144791338915	NA	6	1f72def5-77b8-4f36-bf25-c742d1249f54
prochloro	35.453065577843425	NA	NA	NA	4.534484756965845	NA	7	1f72def5-77b8-4f36-bf25-c742d1249f54
prochloro	38.316171768411984	NA	NA	NA	8.572355040967954	NA	8	1f72def5-77b8-4f36-bf25-c742d1249f54
prochloro	29.424279141352272	NA	NA	NA	13.45006525730923	NA	9	1f72def5-77b8-4f36-bf25-c742d1249f54
prochloro	12.329591157053208	NA	NA	NA	14.09163488196914	NA	10	1f72def5-77b8-4f36-bf25-c742d1249f54
synecho	34.90664670656555	NA	NA	24.26943156887542	NA	NA	1	1f72def5-77b8-4f36-bf25-c742d1249f54
synecho	20.907458091289	NA	NA	10.169566684057854	NA	NA	2	1f72def5-77b8-4f36-bf25-c742d1249f54
synecho	23.67372197499967	NA	NA	6.283286747427136	NA	NA	3	1f72def5-77b8-4f36-bf25-c742d1249f54
synecho	113.65238573218843	NA	NA	5.134442023873268	NA	NA	4	1f72def5-77b8-4f36-bf25-c742d1249f54
synecho	254.89015344692265	NA	NA	5.463562409741781	NA	NA	5	1f72def5-77b8-4f36-bf25-c742d1249f54
synecho	311.9224865635078	NA	NA	13.242766696332165	NA	NA	6	1f72def5-77b8-4f36-bf25-c742d1249f54
synecho	155.0571605136914	NA	NA	16.978891926951636	NA	NA	7	1f72def5-77b8-4f36-bf25-c742d1249f54
synecho	78.28573485751384	NA	NA	25.82511466854205	NA	NA	8	1f72def5-77b8-4f36-bf25-c742d1249f54
synecho	43.38578097973807	NA	NA	24.26943156887542	NA	NA	9	1f72def5-77b8-4f36-bf25-c742d1249f54
beads	NA	NA	NA	962.7832309186653	136.15164491281374	NA	1	309a3359-787c-460b-8110-a13a8bb676ad
beads	NA	NA	NA	386.65179924463814	51.02389972430457	NA	2	309a3359-787c-460b-8110-a13a8bb676ad
beads	NA	NA	NA	212.31182598839223	61.83228009159503	NA	3	309a3359-787c-460b-8110-a13a8bb676ad
beads	NA	NA	NA	759.3954536629888	310.61207999696524	NA	4	309a3359-787c-460b-8110-a13a8bb676ad
beads	NA	NA	NA	3007.993787221529	881.5253753057979	NA	5	309a3359-787c-460b-8110-a13a8bb676ad
beads	NA	NA	NA	3277.761595884499	560.6756175089458	NA	6	309a3359-787c-460b-8110-a13a8bb676ad
croco	NA	NA	NA	671.8426372266929	1427.3091603791818	NA	1	309a3359-787c-460b-8110-a13a8bb676ad
croco	NA	NA	NA	225.36953002544416	609.8948337759925	NA	2	309a3359-787c-460b-8110-a13a8bb676ad
croco	NA	NA	NA	104.76052206775692	483.8997021955513	NA	3	309a3359-787c-460b-8110-a13a8bb676ad
croco	NA	NA	NA	77.99420479532421	626.4718997208938	NA	4	309a3359-787c-460b-8110-a13a8bb676ad
croco	NA	NA	NA	136.5053829541533	1907.626242164722	NA	5	309a3359-787c-460b-8110-a13a8bb676ad
croco	NA	NA	NA	479.4688420927343	3118.6244426087674	NA	6	309a3359-787c-460b-8110-a13a8bb676ad
croco	NA	NA	NA	896.136794860876	2743.832558661823	NA	7	309a3359-787c-460b-8110-a13a8bb676ad
picoeuk	47.50893805165795	NA	NA	NA	3863.6142857922555	NA	1	309a3359-787c-460b-8110-a13a8bb676ad
picoeuk	24.267794409178105	NA	NA	NA	114.80741297597233	NA	2	309a3359-787c-460b-8110-a13a8bb676ad
picoeuk	34.687884689003994	NA	NA	NA	6.9794324725591625	NA	3	309a3359-787c-460b-8110-a13a8bb676ad
picoeuk	4355.79376467294	NA	NA	NA	1.6467065151195996	NA	4	309a3359-787c-460b-8110-a13a8bb676ad
picoeuk	3692.4691409355137	NA	NA	NA	3739.072864361365	NA	5	309a3359-787c-460b-8110-a13a8bb676ad
prochloro	16.87024742657077	NA	NA	NA	35.84070577644932	NA	1	309a3359-787c-460b-8110-a13a8bb676ad
prochloro	3.1726498849431195	NA	NA	NA	20.742272621869766	NA	2	309a3359-787c-460b-8110-a13a8bb676ad
prochloro	1.5806371045951193	NA	NA	NA	10.59416626155842	NA	3	309a3359-787c-460b-8110-a13a8bb676ad
prochloro	1.6824161880168464	NA	NA	NA	5.424886749588956	NA	4	309a3359-787c-460b-8110-a13a8bb676ad
prochloro	2.8371083400990695	NA	NA	NA	3.2769136886753323	NA	5	309a3359-787c-460b-8110-a13a8bb676ad
prochloro	14.864130463905317	NA	NA	NA	3.0243804650307293	NA	6	309a3359-787c-460b-8110-a13a8bb676ad
prochloro	69.96540291219698	NA	NA	NA	4.5341305671301	NA	7	309a3359-787c-460b-8110-a13a8bb676ad
prochloro	116.1479461081228	NA	NA	NA	9.64577093754829	NA	8	309a3359-787c-460b-8110-a13a8bb676ad
prochloro	38.68907356940847	NA	NA	NA	29.925024928988176	NA	9	309a3359-787c-460b-8110-a13a8bb676ad
synecho	68.43262029071144	NA	NA	258.13150235381227	NA	NA	1	309a3359-787c-460b-8110-a13a8bb676ad
synecho	16.413741305161576	NA	NA	71.4687371964336	NA	NA	2	309a3359-787c-460b-8110-a13a8bb676ad
synecho	9.877203715601375	NA	NA	19.244170175986277	NA	NA	3	309a3359-787c-460b-8110-a13a8bb676ad
synecho	9.237422591058285	NA	NA	6.7520304561831885	NA	NA	4	309a3359-787c-460b-8110-a13a8bb676ad
synecho	11.967034653948485	NA	NA	4.994257393563399	NA	NA	5	309a3359-787c-460b-8110-a13a8bb676ad
synecho	113.12675080984586	NA	NA	3.013080908219798	NA	NA	6	309a3359-787c-460b-8110-a13a8bb676ad
synecho	287.01325134047204	NA	NA	4.247838199683287	NA	NA	7	309a3359-787c-460b-8110-a13a8bb676ad
synecho	479.10994522268413	NA	NA	8.075606786050948	NA	NA	8	309a3359-787c-460b-8110-a13a8bb676ad
synecho	615.7078679097744	NA	NA	29.980315695549404	NA	NA	9	309a3359-787c-460b-8110-a13a8bb676ad
synecho	513.2921277256107	NA	NA	193.99069564274643	NA	NA	10	309a3359-787c-460b-8110-a13a8bb676ad
synecho	274.84302373001634	NA	NA	351.87610437251817	NA	NA	11	309a3359-787c-460b-8110-a13a8bb676ad
beads	858.3641814283944	NA	NA	1678.447451832936	NA	NA	1	381db121-4eb2-41e1-97f7-e5acc0a2fe35
beads	808.800346077643	NA	NA	1192.2951129265705	NA	NA	2	381db121-4eb2-41e1-97f7-e5acc0a2fe35
beads	656.8034485067245	NA	NA	885.5895278139917	NA	NA	3	381db121-4eb2-41e1-97f7-e5acc0a2fe35
beads	628.1490837523228	NA	NA	638.5075716676943	NA	NA	4	381db121-4eb2-41e1-97f7-e5acc0a2fe35
beads	676.6289158649471	NA	NA	518.5135948603281	NA	NA	5	381db121-4eb2-41e1-97f7-e5acc0a2fe35
beads	1138.5846215401057	NA	NA	751.9678310266013	NA	NA	6	381db121-4eb2-41e1-97f7-e5acc0a2fe35
beads	2063.80137126616	NA	NA	1284.3150941674744	NA	NA	7	381db121-4eb2-41e1-97f7-e5acc0a2fe35
beads	1579.180360747146	NA	NA	2545.1861845854264	NA	NA	8	381db121-4eb2-41e1-97f7-e5acc0a2fe35
beads	845.6955047739721	NA	NA	1678.447451832936	NA	NA	9	381db121-4eb2-41e1-97f7-e5acc0a2fe35
beads	764.3156745010946	NA	NA	965.9415189337212	NA	NA	1	3830fba9-a1de-41e5-af92-bddbba00d475
beads	1026.1528517924269	NA	NA	1043.804267213302	NA	NA	2	3830fba9-a1de-41e5-af92-bddbba00d475
beads	1126.195888729292	NA	NA	840.1329382113618	NA	NA	3	3830fba9-a1de-41e5-af92-bddbba00d475
beads	920.6117814313428	NA	NA	616.1338578143836	NA	NA	4	3830fba9-a1de-41e5-af92-bddbba00d475
beads	675.1551601467685	NA	NA	606.6545063342146	NA	NA	5	3830fba9-a1de-41e5-af92-bddbba00d475
beads	634.5546103915776	NA	NA	801.9495931548604	NA	NA	6	3830fba9-a1de-41e5-af92-bddbba00d475
beads	949.6068137035048	NA	NA	1110.589735936824	NA	NA	7	3830fba9-a1de-41e5-af92-bddbba00d475
croco	1443.2856289679305	NA	NA	561.401015231441	NA	NA	1	3830fba9-a1de-41e5-af92-bddbba00d475
croco	1294.8419445285506	NA	NA	331.3822180655783	NA	NA	2	3830fba9-a1de-41e5-af92-bddbba00d475
croco	1198.253000072678	NA	NA	195.60736705257105	NA	NA	3	3830fba9-a1de-41e5-af92-bddbba00d475
croco	1216.9764435339207	NA	NA	126.7193963287698	NA	NA	4	3830fba9-a1de-41e5-af92-bddbba00d475
croco	1998.751815873016	NA	NA	164.9358610013301	NA	NA	5	3830fba9-a1de-41e5-af92-bddbba00d475
croco	2061.703295067836	NA	NA	386.95963888247326	NA	NA	6	3830fba9-a1de-41e5-af92-bddbba00d475
croco	1849.6546006181263	NA	NA	606.6545063342146	NA	NA	7	3830fba9-a1de-41e5-af92-bddbba00d475
croco	1294.8419445285506	NA	NA	519.5232156229299	NA	NA	8	3830fba9-a1de-41e5-af92-bddbba00d475
croco	1143.7933953056393	NA	NA	266.7215734590787	NA	NA	9	3830fba9-a1de-41e5-af92-bddbba00d475
picoeuk	1161.6658737947805	NA	NA	NA	3138.3978302506644	NA	1	3830fba9-a1de-41e5-af92-bddbba00d475
picoeuk	87.20918062122689	NA	NA	NA	1401.3878836296185	NA	2	3830fba9-a1de-41e5-af92-bddbba00d475
picoeuk	28.558778777455228	NA	NA	NA	235.60742328215105	NA	3	3830fba9-a1de-41e5-af92-bddbba00d475
picoeuk	34.93631071752482	NA	NA	NA	41.49736507999187	NA	4	3830fba9-a1de-41e5-af92-bddbba00d475
picoeuk	55.62710354587716	NA	NA	NA	12.772130884985035	NA	5	3830fba9-a1de-41e5-af92-bddbba00d475
picoeuk	198.35606745810824	NA	NA	NA	7.30890090215841	NA	6	3830fba9-a1de-41e5-af92-bddbba00d475
picoeuk	1042.1871241055053	NA	NA	NA	12.191648132188275	NA	7	3830fba9-a1de-41e5-af92-bddbba00d475
picoeuk	2899.78898540269	NA	NA	NA	37.229310549853615	NA	8	3830fba9-a1de-41e5-af92-bddbba00d475
picoeuk	3716.2484888783074	NA	NA	NA	347.16036881967784	NA	9	3830fba9-a1de-41e5-af92-bddbba00d475
picoeuk	3602.77758353996	NA	NA	NA	2301.627605061425	NA	10	3830fba9-a1de-41e5-af92-bddbba00d475
picoeuk	3492.7713674969723	NA	NA	NA	4084.88647589602	NA	11	3830fba9-a1de-41e5-af92-bddbba00d475
picoeuk	1793.177757714995	NA	NA	NA	3839.2412577318473	NA	12	3830fba9-a1de-41e5-af92-bddbba00d475
prochloro	6.249456367898707	NA	NA	NA	9.966094724623757	NA	1	3830fba9-a1de-41e5-af92-bddbba00d475
prochloro	3.576275384010678	NA	NA	NA	4.450157420953002	NA	2	3830fba9-a1de-41e5-af92-bddbba00d475
prochloro	3.159088397862257	NA	NA	NA	1.8676313271689295	NA	3	3830fba9-a1de-41e5-af92-bddbba00d475
prochloro	4.8764512907631845	NA	NA	NA	1.5747841485790066	NA	4	3830fba9-a1de-41e5-af92-bddbba00d475
prochloro	8.261290305019807	NA	NA	NA	1.5747841485790066	NA	5	3830fba9-a1de-41e5-af92-bddbba00d475
prochloro	23.345448575098217	NA	NA	NA	3.694635610184622	NA	6	3830fba9-a1de-41e5-af92-bddbba00d475
prochloro	36.03664364521117	NA	NA	NA	8.274109201328605	NA	7	3830fba9-a1de-41e5-af92-bddbba00d475
prochloro	20.944340761216797	NA	NA	NA	12.772130884985035	NA	8	3830fba9-a1de-41e5-af92-bddbba00d475
prochloro	7.297577381944175	NA	NA	NA	10.769443074046016	NA	9	3830fba9-a1de-41e5-af92-bddbba00d475
synecho	67.00237689703758	NA	NA	64.05641565602721	NA	NA	1	3830fba9-a1de-41e5-af92-bddbba00d475
synecho	13.99561144660445	NA	NA	15.624307208646425	NA	NA	2	3830fba9-a1de-41e5-af92-bddbba00d475
synecho	15.12377164028648	NA	NA	4.734890735988468	NA	NA	3	3830fba9-a1de-41e5-af92-bddbba00d475
synecho	108.35108437292456	NA	NA	4.6620434270191975	NA	NA	4	3830fba9-a1de-41e5-af92-bddbba00d475
synecho	157.19574512747053	NA	NA	10.937722275928875	NA	NA	5	3830fba9-a1de-41e5-af92-bddbba00d475
synecho	254.204854098607	NA	NA	38.40186241442462	NA	NA	6	3830fba9-a1de-41e5-af92-bddbba00d475
synecho	296.83855433879256	NA	NA	94.3851792724804	NA	NA	7	3830fba9-a1de-41e5-af92-bddbba00d475
synecho	141.0279713226406	NA	NA	111.93706628860951	NA	NA	8	3830fba9-a1de-41e5-af92-bddbba00d475
synecho	74.68368482409387	NA	NA	57.46813530381407	NA	NA	9	3830fba9-a1de-41e5-af92-bddbba00d475
beads	1058.4719418301763	NA	NA	1401.3878836296185	NA	NA	1	3e0ad3e1-2238-4c73-87a6-1e0e022ffe12
beads	1294.8419445285506	NA	NA	1468.112373018186	NA	NA	2	3e0ad3e1-2238-4c73-87a6-1e0e022ffe12
beads	1608.747241767641	NA	NA	1423.2854351523936	NA	NA	3	3e0ad3e1-2238-4c73-87a6-1e0e022ffe12
beads	1465.837858647943	NA	NA	1110.589735936824	NA	NA	4	3e0ad3e1-2238-4c73-87a6-1e0e022ffe12
beads	1377.6894944998576	NA	NA	840.1329382113618	NA	NA	5	3e0ad3e1-2238-4c73-87a6-1e0e022ffe12
beads	1075.0112198932936	NA	NA	827.2073128616624	NA	NA	6	3e0ad3e1-2238-4c73-87a6-1e0e022ffe12
beads	934.996909311964	NA	NA	1237.9103197344436	NA	NA	7	3e0ad3e1-2238-4c73-87a6-1e0e022ffe12
croco	1535.6310142669245	NA	NA	597.3209967086111	NA	NA	1	3e0ad3e1-2238-4c73-87a6-1e0e022ffe12
croco	1315.0746499239513	NA	NA	352.5849640739234	NA	NA	2	3e0ad3e1-2238-4c73-87a6-1e0e022ffe12
croco	1315.0746499239513	NA	NA	254.59929922104783	NA	NA	3	3e0ad3e1-2238-4c73-87a6-1e0e022ffe12
croco	2227.893360971881	NA	NA	189.634745712332	NA	NA	4	3e0ad3e1-2238-4c73-87a6-1e0e022ffe12
croco	2522.1073871931453	NA	NA	326.28383160380366	NA	NA	5	3e0ad3e1-2238-4c73-87a6-1e0e022ffe12
croco	2725.409770177848	NA	NA	495.9113164760809	NA	NA	6	3e0ad3e1-2238-4c73-87a6-1e0e022ffe12
croco	2642.1928607151026	NA	NA	753.7242424799728	NA	NA	7	3e0ad3e1-2238-4c73-87a6-1e0e022ffe12
croco	2193.616744030389	NA	NA	777.4630856881699	NA	NA	8	3e0ad3e1-2238-4c73-87a6-1e0e022ffe12
croco	1399.2167440505375	NA	NA	635.5392374234998	NA	NA	9	3e0ad3e1-2238-4c73-87a6-1e0e022ffe12
picoeuk	495.1430119263608	NA	NA	NA	3722.014925146466	NA	1	3e0ad3e1-2238-4c73-87a6-1e0e022ffe12
picoeuk	108.35108437292456	NA	NA	NA	996.3642292220462	NA	2	3e0ad3e1-2238-4c73-87a6-1e0e022ffe12
picoeuk	32.33023096420263	NA	NA	NA	124.76979125201508	NA	3	3e0ad3e1-2238-4c73-87a6-1e0e022ffe12
picoeuk	24.080722713987274	NA	NA	NA	36.092561060185	NA	4	3e0ad3e1-2238-4c73-87a6-1e0e022ffe12
picoeuk	44.772917120710815	NA	NA	NA	14.914195408141802	NA	5	3e0ad3e1-2238-4c73-87a6-1e0e022ffe12
picoeuk	111.7636446415234	NA	NA	NA	8.274109201328605	NA	6	3e0ad3e1-2238-4c73-87a6-1e0e022ffe12
picoeuk	451.15811451471023	NA	NA	NA	10.937722275928875	NA	7	3e0ad3e1-2238-4c73-87a6-1e0e022ffe12
picoeuk	1765.5893335175317	NA	NA	NA	25.266426461766205	NA	8	3e0ad3e1-2238-4c73-87a6-1e0e022ffe12
picoeuk	2683.4787566304844	NA	NA	NA	90.09545117771772	NA	9	3e0ad3e1-2238-4c73-87a6-1e0e022ffe12
picoeuk	3774.3171675840736	NA	NA	NA	981.034951969586	NA	10	3e0ad3e1-2238-4c73-87a6-1e0e022ffe12
picoeuk	3602.77758353996	NA	NA	NA	2448.8920714554997	NA	11	3e0ad3e1-2238-4c73-87a6-1e0e022ffe12
picoeuk	3439.034331279185	NA	NA	NA	3391.378238969132	NA	12	3e0ad3e1-2238-4c73-87a6-1e0e022ffe12
picoeuk	1738.425363140346	NA	NA	NA	3339.2011577689063	NA	13	3e0ad3e1-2238-4c73-87a6-1e0e022ffe12
prochloro	5.030037053406229	NA	NA	NA	10.44061187256448	NA	1	3e0ad3e1-2238-4c73-87a6-1e0e022ffe12
prochloro	3.986267890675797	NA	NA	NA	3.9310285611806486	NA	2	3e0ad3e1-2238-4c73-87a6-1e0e022ffe12
prochloro	3.986267890675797	NA	NA	NA	2.214936426284318	NA	3	3e0ad3e1-2238-4c73-87a6-1e0e022ffe12
prochloro	4.727555073393109	NA	NA	NA	1.6755431709405524	NA	4	3e0ad3e1-2238-4c73-87a6-1e0e022ffe12
prochloro	6.446285468639696	NA	NA	NA	1.6243825983606774	NA	5	3e0ad3e1-2238-4c73-87a6-1e0e022ffe12
prochloro	14.661986572552316	NA	NA	NA	1.701724568213142	NA	6	3e0ad3e1-2238-4c73-87a6-1e0e022ffe12
prochloro	33.3484843790308	NA	NA	NA	5.443933146155576	NA	7	3e0ad3e1-2238-4c73-87a6-1e0e022ffe12
prochloro	37.752461709997554	NA	NA	NA	11.81939171411879	NA	8	3e0ad3e1-2238-4c73-87a6-1e0e022ffe12
prochloro	16.598238180228407	NA	NA	NA	15.868446662187898	NA	9	3e0ad3e1-2238-4c73-87a6-1e0e022ffe12
prochloro	6.649313779778806	NA	NA	NA	14.914195408141802	NA	10	3e0ad3e1-2238-4c73-87a6-1e0e022ffe12
synecho	29.005027340763128	NA	NA	41.49736507999187	NA	NA	1	3e0ad3e1-2238-4c73-87a6-1e0e022ffe12
synecho	23.345448575098217	NA	NA	15.14723892606108	NA	NA	2	3e0ad3e1-2238-4c73-87a6-1e0e022ffe12
synecho	29.9185521519412	NA	NA	8.534705544059427	NA	NA	3	3e0ad3e1-2238-4c73-87a6-1e0e022ffe12
synecho	53.92860092432458	NA	NA	5.792250966158529	NA	NA	4	3e0ad3e1-2238-4c73-87a6-1e0e022ffe12
synecho	283.3474883052175	NA	NA	6.35695667870691	NA	NA	5	3e0ad3e1-2238-4c73-87a6-1e0e022ffe12
synecho	330.8688148473464	NA	NA	17.687642200931894	NA	NA	6	3e0ad3e1-2238-4c73-87a6-1e0e022ffe12
synecho	380.4158973481891	NA	NA	43.47318528528867	NA	NA	7	3e0ad3e1-2238-4c73-87a6-1e0e022ffe12
synecho	186.42789766625444	NA	NA	51.55746760842577	NA	NA	8	3e0ad3e1-2238-4c73-87a6-1e0e022ffe12
synecho	60.11110084386682	NA	NA	20.654106544125234	NA	NA	9	3e0ad3e1-2238-4c73-87a6-1e0e022ffe12
synecho	50.6855969834529	NA	NA	34.9905207655881	NA	NA	10	3e0ad3e1-2238-4c73-87a6-1e0e022ffe12
synecho	152.3959736460071	NA	NA	43.47318528528867	NA	NA	11	3e0ad3e1-2238-4c73-87a6-1e0e022ffe12
synecho	310.97197250264736	NA	NA	24.877697074407813	NA	NA	12	3e0ad3e1-2238-4c73-87a6-1e0e022ffe12
synecho	278.9881264577837	NA	NA	10.27998082080059	NA	NA	13	3e0ad3e1-2238-4c73-87a6-1e0e022ffe12
synecho	183.55966449699412	NA	NA	5.443933146155576	NA	NA	14	3e0ad3e1-2238-4c73-87a6-1e0e022ffe12
synecho	43.405833230726046	NA	NA	5.443933146155576	NA	NA	15	3e0ad3e1-2238-4c73-87a6-1e0e022ffe12
synecho	36.03664364521117	NA	NA	16.88375353679743	NA	NA	16	3e0ad3e1-2238-4c73-87a6-1e0e022ffe12
beads	639.1782295715316	NA	NA	775.3352183007064	NA	NA	1	66958bc7-4534-4362-99ff-f8b49f9cd4de
beads	726.2256529866467	NA	NA	572.5279389137833	NA	NA	2	66958bc7-4534-4362-99ff-f8b49f9cd4de
beads	1099.721769897141	NA	NA	660.9635305522337	NA	NA	3	66958bc7-4534-4362-99ff-f8b49f9cd4de
beads	1803.6408628291747	NA	NA	1540.037060321308	NA	NA	4	66958bc7-4534-4362-99ff-f8b49f9cd4de
beads	1191.0742327889227	NA	NA	1515.6536533081987	NA	NA	5	66958bc7-4534-4362-99ff-f8b49f9cd4de
beads	937.4989894686464	NA	NA	1137.2039128172758	NA	NA	6	66958bc7-4534-4362-99ff-f8b49f9cd4de
beads	774.0987949310278	NA	NA	895.0974588625162	NA	NA	7	66958bc7-4534-4362-99ff-f8b49f9cd4de
croco	1665.3060466977718	NA	NA	775.3352183007064	NA	NA	1	66958bc7-4534-4362-99ff-f8b49f9cd4de
croco	1015.3758161268364	NA	NA	212.84438490621545	NA	NA	2	66958bc7-4534-4362-99ff-f8b49f9cd4de
croco	1537.5811705763203	NA	NA	125.69921079718362	NA	NA	3	66958bc7-4534-4362-99ff-f8b49f9cd4de
croco	2403.8739510055075	NA	NA	223.28307353625007	NA	NA	4	66958bc7-4534-4362-99ff-f8b49f9cd4de
croco	3005.719930470194	NA	NA	563.463103968838	NA	NA	5	66958bc7-4534-4362-99ff-f8b49f9cd4de
croco	2403.8739510055075	NA	NA	954.102710915996	NA	NA	6	66958bc7-4534-4362-99ff-f8b49f9cd4de
croco	1353.2824217785756	NA	NA	682.4013860152298	NA	NA	7	66958bc7-4534-4362-99ff-f8b49f9cd4de
picoeuk	937.4989894686464	NA	NA	NA	3531.45474570408	NA	1	66958bc7-4534-4362-99ff-f8b49f9cd4de
picoeuk	110.45612913222884	NA	NA	NA	3260.600856223526	NA	2	66958bc7-4534-4362-99ff-f8b49f9cd4de
picoeuk	23.86681596836249	NA	NA	NA	2153.210067089266	NA	3	66958bc7-4534-4362-99ff-f8b49f9cd4de
picoeuk	18.19550277494709	NA	NA	NA	292.8776462433051	NA	4	66958bc7-4534-4362-99ff-f8b49f9cd4de
picoeuk	30.322325504311912	NA	NA	NA	75.42826286669774	NA	5	66958bc7-4534-4362-99ff-f8b49f9cd4de
picoeuk	57.41304246104261	NA	NA	NA	16.298167270533792	NA	6	66958bc7-4534-4362-99ff-f8b49f9cd4de
picoeuk	114.0386906834847	NA	NA	NA	8.607771194780085	NA	7	66958bc7-4534-4362-99ff-f8b49f9cd4de
picoeuk	1692.0970190610117	NA	NA	NA	8.205349990710168	NA	8	66958bc7-4534-4362-99ff-f8b49f9cd4de
picoeuk	3582.5455966705863	NA	NA	NA	26.307211293677675	NA	9	66958bc7-4534-4362-99ff-f8b49f9cd4de
picoeuk	3698.7427711604582	NA	NA	NA	866.9776889710141	NA	10	66958bc7-4534-4362-99ff-f8b49f9cd4de
picoeuk	3698.7427711604582	NA	NA	NA	3366.3559949674814	NA	11	66958bc7-4534-4362-99ff-f8b49f9cd4de
picoeuk	609.2960606640411	NA	NA	NA	3475.541222171787	NA	12	66958bc7-4534-4362-99ff-f8b49f9cd4de
prochloro	3.808082270839174	NA	NA	NA	5.868699608897414	NA	1	66958bc7-4534-4362-99ff-f8b49f9cd4de
prochloro	3.2463422826112742	NA	NA	NA	1.690083534716185	NA	2	66958bc7-4534-4362-99ff-f8b49f9cd4de
prochloro	5.239988701960206	NA	NA	NA	1.2087957966963438	NA	3	66958bc7-4534-4362-99ff-f8b49f9cd4de
prochloro	20.67348397177765	NA	NA	NA	1.982531903448264	NA	4	66958bc7-4534-4362-99ff-f8b49f9cd4de
prochloro	53.00960337509586	NA	NA	NA	14.344623683283782	NA	5	66958bc7-4534-4362-99ff-f8b49f9cd4de
prochloro	31.809446316155466	NA	NA	NA	19.11836658830927	NA	6	66958bc7-4534-4362-99ff-f8b49f9cd4de
prochloro	6.049384138479553	NA	NA	NA	12.625237255175554	NA	7	66958bc7-4534-4362-99ff-f8b49f9cd4de
prochloro	4.190767149165099	NA	NA	NA	7.576019836547323	NA	8	66958bc7-4534-4362-99ff-f8b49f9cd4de
synecho	39.773419371551405	NA	NA	87.07929786340458	NA	NA	1	66958bc7-4534-4362-99ff-f8b49f9cd4de
synecho	17.070225364882067	NA	NA	14.809880773847295	NA	NA	2	66958bc7-4534-4362-99ff-f8b49f9cd4de
synecho	27.11715325935773	NA	NA	6.884206589437784	NA	NA	3	66958bc7-4534-4362-99ff-f8b49f9cd4de
synecho	77.75053544861777	NA	NA	5.083479399202093	NA	NA	4	66958bc7-4534-4362-99ff-f8b49f9cd4de
synecho	193.0998199598904	NA	NA	10.097241148556744	NA	NA	5	66958bc7-4534-4362-99ff-f8b49f9cd4de
synecho	389.72182788181874	NA	NA	52.25363093238708	NA	NA	6	66958bc7-4534-4362-99ff-f8b49f9cd4de
synecho	269.9834224794651	NA	NA	138.3310773820894	NA	NA	7	66958bc7-4534-4362-99ff-f8b49f9cd4de
synecho	35.569234575814264	NA	NA	52.25363093238708	NA	NA	8	66958bc7-4534-4362-99ff-f8b49f9cd4de
synecho	19.706979620768863	NA	NA	17.652034913733004	NA	NA	9	66958bc7-4534-4362-99ff-f8b49f9cd4de
beads	707.3014230373608	NA	NA	777.4630856881699	NA	NA	1	68cacd77-226d-4d13-86da-8bacf91fdf2d
beads	1010.3652701960764	NA	NA	1093.5030747775772	NA	NA	2	68cacd77-226d-4d13-86da-8bacf91fdf2d
beads	1161.6658737947805	NA	NA	922.0402782558232	NA	NA	3	68cacd77-226d-4d13-86da-8bacf91fdf2d
beads	1010.3652701960764	NA	NA	616.1338578143836	NA	NA	4	68cacd77-226d-4d13-86da-8bacf91fdf2d
beads	729.5781611812382	NA	NA	519.5232156229299	NA	NA	5	68cacd77-226d-4d13-86da-8bacf91fdf2d
beads	502.8799274095436	NA	NA	606.6545063342146	NA	NA	6	68cacd77-226d-4d13-86da-8bacf91fdf2d
beads	654.5401588908016	NA	NA	801.9495931548604	NA	NA	7	68cacd77-226d-4d13-86da-8bacf91fdf2d
croco	1216.9764435339207	NA	NA	765.5016494537794	NA	NA	1	68cacd77-226d-4d13-86da-8bacf91fdf2d
croco	1143.7933953056393	NA	NA	363.68976700845366	NA	NA	2	68cacd77-226d-4d13-86da-8bacf91fdf2d
croco	1235.9924523674372	NA	NA	218.03224940324407	NA	NA	3	68cacd77-226d-4d13-86da-8bacf91fdf2d
croco	1315.0746499239513	NA	NA	162.3982874233059	NA	NA	4	68cacd77-226d-4d13-86da-8bacf91fdf2d
croco	2061.703295067836	NA	NA	162.3982874233059	NA	NA	5	68cacd77-226d-4d13-86da-8bacf91fdf2d
croco	3439.034331279185	NA	NA	221.43913801039264	NA	NA	6	68cacd77-226d-4d13-86da-8bacf91fdf2d
croco	3182.499008640474	NA	NA	431.3215895960487	NA	NA	7	68cacd77-226d-4d13-86da-8bacf91fdf2d
croco	2601.542157158638	NA	NA	665.799261503093	NA	NA	8	68cacd77-226d-4d13-86da-8bacf91fdf2d
croco	1179.8176208027428	NA	NA	655.5557971406361	NA	NA	9	68cacd77-226d-4d13-86da-8bacf91fdf2d
picoeuk	1075.0112198932936	NA	NA	NA	3444.370619300473	NA	1	68cacd77-226d-4d13-86da-8bacf91fdf2d
picoeuk	195.30431683961507	NA	NA	NA	708.3989299964707	NA	2	68cacd77-226d-4d13-86da-8bacf91fdf2d
picoeuk	81.96484437687121	NA	NA	NA	79.5854524481563	NA	3	68cacd77-226d-4d13-86da-8bacf91fdf2d
picoeuk	71.28937330739454	NA	NA	NA	9.966094724623757	NA	4	68cacd77-226d-4d13-86da-8bacf91fdf2d
picoeuk	605.7146297840334	NA	NA	NA	7.656900686076234	NA	5	68cacd77-226d-4d13-86da-8bacf91fdf2d
picoeuk	2855.1751102482463	NA	NA	NA	22.31899563654162	NA	6	68cacd77-226d-4d13-86da-8bacf91fdf2d
picoeuk	3716.2484888783074	NA	NA	NA	132.7529057621219	NA	7	68cacd77-226d-4d13-86da-8bacf91fdf2d
picoeuk	3602.77758353996	NA	NA	NA	2266.2165709685546	NA	8	68cacd77-226d-4d13-86da-8bacf91fdf2d
picoeuk	3547.348078106844	NA	NA	NA	3960.159680039535	NA	9	68cacd77-226d-4d13-86da-8bacf91fdf2d
picoeuk	1091.808934394866	NA	NA	NA	4279.380782217897	NA	10	68cacd77-226d-4d13-86da-8bacf91fdf2d
prochloro	4.952648855074368	NA	NA	NA	3.5818246265171965	NA	1	68cacd77-226d-4d13-86da-8bacf91fdf2d
prochloro	7.527417468684202	NA	NA	NA	3.5818246265171965	NA	2	68cacd77-226d-4d13-86da-8bacf91fdf2d
prochloro	16.857595906939622	NA	NA	NA	4.118197207763566	NA	3	68cacd77-226d-4d13-86da-8bacf91fdf2d
prochloro	37.171631993772984	NA	NA	NA	7.656900686076234	NA	4	68cacd77-226d-4d13-86da-8bacf91fdf2d
prochloro	36.59973846724219	NA	NA	NA	17.415514034054517	NA	5	68cacd77-226d-4d13-86da-8bacf91fdf2d
prochloro	11.985479358399957	NA	NA	NA	20.02345975731041	NA	6	68cacd77-226d-4d13-86da-8bacf91fdf2d
prochloro	4.8764512907631845	NA	NA	NA	12.575628913418376	NA	7	68cacd77-226d-4d13-86da-8bacf91fdf2d
prochloro	2.663738962043738	NA	NA	NA	5.70313594338679	NA	8	68cacd77-226d-4d13-86da-8bacf91fdf2d
prochloro	3.015510451000217	NA	NA	NA	3.810999620413369	NA	9	68cacd77-226d-4d13-86da-8bacf91fdf2d
synecho	18.216455341980613	NA	NA	39.00191524106416	NA	NA	1	68cacd77-226d-4d13-86da-8bacf91fdf2d
synecho	64.95654481958604	NA	NA	204.9208496648372	NA	NA	2	68cacd77-226d-4d13-86da-8bacf91fdf2d
synecho	167.25356137659327	NA	NA	246.8254345110913	NA	NA	3	68cacd77-226d-4d13-86da-8bacf91fdf2d
synecho	296.83855433879256	NA	NA	224.89926135695836	NA	NA	4	68cacd77-226d-4d13-86da-8bacf91fdf2d
synecho	310.97197250264736	NA	NA	88.70931334801367	NA	NA	5	68cacd77-226d-4d13-86da-8bacf91fdf2d
synecho	195.30431683961507	NA	NA	25.6612299859767	NA	NA	6	68cacd77-226d-4d13-86da-8bacf91fdf2d
synecho	47.637611537039554	NA	NA	14.017328186397902	NA	NA	7	68cacd77-226d-4d13-86da-8bacf91fdf2d
synecho	15.600100811422145	NA	NA	10.603752883757345	NA	NA	8	68cacd77-226d-4d13-86da-8bacf91fdf2d
synecho	16.857595906939622	NA	NA	20.654106544125234	NA	NA	9	68cacd77-226d-4d13-86da-8bacf91fdf2d
beads	1058.4719418301763	NA	NA	1401.3878836296185	NA	NA	1	74bf6e88-6ba4-4c5f-9cf5-6fafba443f88
beads	1315.0746499239513	NA	NA	1491.0525359130763	NA	NA	2	74bf6e88-6ba4-4c5f-9cf5-6fafba443f88
beads	1488.7424808504984	NA	NA	1337.6959669282576	NA	NA	3	74bf6e88-6ba4-4c5f-9cf5-6fafba443f88
beads	1488.7424808504984	NA	NA	1011.9330359026976	NA	NA	4	74bf6e88-6ba4-4c5f-9cf5-6fafba443f88
beads	934.996909311964	NA	NA	853.2605344431867	NA	NA	5	74bf6e88-6ba4-4c5f-9cf5-6fafba443f88
beads	892.5020754693263	NA	NA	1145.568199045946	NA	NA	6	74bf6e88-6ba4-4c5f-9cf5-6fafba443f88
croco	1443.2856289679305	NA	NA	301.9446363678136	NA	NA	1	74bf6e88-6ba4-4c5f-9cf5-6fafba443f88
croco	1443.2856289679305	NA	NA	145.6954258081733	NA	NA	2	74bf6e88-6ba4-4c5f-9cf5-6fafba443f88
croco	1583.9963205935233	NA	NA	97.35787783469564	NA	NA	3	74bf6e88-6ba4-4c5f-9cf5-6fafba443f88
croco	2126.6374560050026	NA	NA	111.93706628860951	NA	NA	4	74bf6e88-6ba4-4c5f-9cf5-6fafba443f88
croco	2445.0980565625878	NA	NA	686.7688726502035	NA	NA	5	74bf6e88-6ba4-4c5f-9cf5-6fafba443f88
croco	1907.910204032078	NA	NA	527.641086852069	NA	NA	6	74bf6e88-6ba4-4c5f-9cf5-6fafba443f88
picoeuk	336.0388445051122	NA	NA	NA	2859.605434365956	NA	1	74bf6e88-6ba4-4c5f-9cf5-6fafba443f88
picoeuk	111.7636446415234	NA	NA	NA	1337.6959669282576	NA	2	74bf6e88-6ba4-4c5f-9cf5-6fafba443f88
picoeuk	44.772917120710815	NA	NA	NA	375.14432010473257	NA	3	74bf6e88-6ba4-4c5f-9cf5-6fafba443f88
picoeuk	24.456998884557127	NA	NA	NA	77.1554122158951	NA	4	74bf6e88-6ba4-4c5f-9cf5-6fafba443f88
picoeuk	29.005027340763128	NA	NA	NA	19.11341012306316	NA	5	74bf6e88-6ba4-4c5f-9cf5-6fafba443f88
picoeuk	53.098897838685225	NA	NA	NA	11.108630944311678	NA	6	74bf6e88-6ba4-4c5f-9cf5-6fafba443f88
picoeuk	217.6944568108252	NA	NA	NA	9.513143987391336	NA	7	74bf6e88-6ba4-4c5f-9cf5-6fafba443f88
picoeuk	1793.177757714995	NA	NA	NA	16.36822966774953	NA	8	74bf6e88-6ba4-4c5f-9cf5-6fafba443f88
picoeuk	3334.027806492765	NA	NA	NA	34.9905207655881	NA	9	74bf6e88-6ba4-4c5f-9cf5-6fafba443f88
picoeuk	3774.3171675840736	NA	NA	NA	1200.1123078070043	NA	10	74bf6e88-6ba4-4c5f-9cf5-6fafba443f88
picoeuk	3282.7330739901327	NA	NA	NA	4346.248750935797	NA	11	74bf6e88-6ba4-4c5f-9cf5-6fafba443f88
picoeuk	1659.415372605897	NA	NA	NA	3552.852434630525	NA	12	74bf6e88-6ba4-4c5f-9cf5-6fafba443f88
picoeuk	892.5020754693263	NA	NA	NA	3552.852434630525	NA	13	74bf6e88-6ba4-4c5f-9cf5-6fafba443f88
prochloro	5.52043200952678	NA	NA	NA	9.6617927398466	NA	1	74bf6e88-6ba4-4c5f-9cf5-6fafba443f88
prochloro	4.727555073393109	NA	NA	NA	4.054837860923704	NA	2	74bf6e88-6ba4-4c5f-9cf5-6fafba443f88
prochloro	4.654820625165378	NA	NA	NA	2.284696725311829	NA	3	74bf6e88-6ba4-4c5f-9cf5-6fafba443f88
prochloro	5.188460060405908	NA	NA	NA	1.701724568213142	NA	4	74bf6e88-6ba4-4c5f-9cf5-6fafba443f88
prochloro	17.12100625837367	NA	NA	NA	1.6243825983606774	NA	5	74bf6e88-6ba4-4c5f-9cf5-6fafba443f88
prochloro	31.832823430340014	NA	NA	NA	4.519693880164694	NA	6	74bf6e88-6ba4-4c5f-9cf5-6fafba443f88
prochloro	37.752461709997554	NA	NA	NA	10.1218211122018	NA	7	74bf6e88-6ba4-4c5f-9cf5-6fafba443f88
prochloro	28.558778777455228	NA	NA	NA	13.801668587421954	NA	8	74bf6e88-6ba4-4c5f-9cf5-6fafba443f88
prochloro	11.091420585499286	NA	NA	NA	14.017328186397902	NA	9	74bf6e88-6ba4-4c5f-9cf5-6fafba443f88
synecho	24.080722713987274	NA	NA	13.801668587421954	NA	NA	1	74bf6e88-6ba4-4c5f-9cf5-6fafba443f88
synecho	25.621473603949077	NA	NA	8.803509471702686	NA	NA	2	74bf6e88-6ba4-4c5f-9cf5-6fafba443f88
synecho	35.48221215772507	NA	NA	6.162855118574898	NA	NA	3	74bf6e88-6ba4-4c5f-9cf5-6fafba443f88
synecho	87.20918062122689	NA	NA	5.27770959448932	NA	NA	4	74bf6e88-6ba4-4c5f-9cf5-6fafba443f88
synecho	201.45550356552548	NA	NA	7.085732939930324	NA	NA	5	74bf6e88-6ba4-4c5f-9cf5-6fafba443f88
synecho	231.623147077094	NA	NA	21.30461580098972	NA	NA	6	74bf6e88-6ba4-4c5f-9cf5-6fafba443f88
synecho	120.77270405035556	NA	NA	37.81104152915345	NA	NA	7	74bf6e88-6ba4-4c5f-9cf5-6fafba443f88
synecho	20.944340761216797	NA	NA	27.30310607948126	NA	NA	8	74bf6e88-6ba4-4c5f-9cf5-6fafba443f88
beads	817.1049122756422	NA	NA	1583.591225051499	NA	NA	1	80dea84c-ab2b-4fdc-9d2b-d1e8f5b22c6f
beads	721.6265666898627	NA	NA	1197.3500689670166	NA	NA	2	80dea84c-ab2b-4fdc-9d2b-d1e8f5b22c6f
beads	657.4133702543132	NA	NA	706.1038581435037	NA	NA	3	80dea84c-ab2b-4fdc-9d2b-d1e8f5b22c6f
beads	710.504527801885	NA	NA	509.5768043528434	NA	NA	4	80dea84c-ab2b-4fdc-9d2b-d1e8f5b22c6f
beads	954.4088469965972	NA	NA	509.5768043528434	NA	NA	5	80dea84c-ab2b-4fdc-9d2b-d1e8f5b22c6f
beads	1132.2354670334223	NA	NA	728.3831851651296	NA	NA	6	80dea84c-ab2b-4fdc-9d2b-d1e8f5b22c6f
beads	1149.9591639304035	NA	NA	1073.9931193925595	NA	NA	7	80dea84c-ab2b-4fdc-9d2b-d1e8f5b22c6f
beads	1080.686594975949	NA	NA	1398.549294718482	NA	NA	8	80dea84c-ab2b-4fdc-9d2b-d1e8f5b22c6f
beads	732.922706859657	NA	NA	1442.676991704617	NA	NA	9	80dea84c-ab2b-4fdc-9d2b-d1e8f5b22c6f
croco	1223.6721403368065	NA	NA	586.0310437522415	NA	NA	1	80dea84c-ab2b-4fdc-9d2b-d1e8f5b22c6f
croco	1186.2432260825117	NA	NA	416.40508603743694	NA	NA	2	80dea84c-ab2b-4fdc-9d2b-d1e8f5b22c6f
croco	1302.1101566064683	NA	NA	314.8430293107536	NA	NA	3	80dea84c-ab2b-4fdc-9d2b-d1e8f5b22c6f
croco	1322.493024317406	NA	NA	149.38336368456814	NA	NA	4	80dea84c-ab2b-4fdc-9d2b-d1e8f5b22c6f
croco	1804.291320668193	NA	NA	163.97446223914986	NA	NA	5	80dea84c-ab2b-4fdc-9d2b-d1e8f5b22c6f
croco	2277.6742530460256	NA	NA	351.0053426340667	NA	NA	6	80dea84c-ab2b-4fdc-9d2b-d1e8f5b22c6f
croco	2965.977772741802	NA	NA	706.1038581435037	NA	NA	7	80dea84c-ab2b-4fdc-9d2b-d1e8f5b22c6f
croco	1097.6033602669802	NA	NA	559.349986520177	NA	NA	8	80dea84c-ab2b-4fdc-9d2b-d1e8f5b22c6f
picoeuk	1015.5869470782274	NA	NA	NA	2947.607322053305	NA	1	80dea84c-ab2b-4fdc-9d2b-d1e8f5b22c6f
picoeuk	25.19121978199179	NA	NA	NA	96.69937257694302	NA	2	80dea84c-ab2b-4fdc-9d2b-d1e8f5b22c6f
picoeuk	16.56213355395226	NA	NA	NA	25.42708618277338	NA	3	80dea84c-ab2b-4fdc-9d2b-d1e8f5b22c6f
picoeuk	39.52514196620938	NA	NA	NA	7.00497394678518	NA	4	80dea84c-ab2b-4fdc-9d2b-d1e8f5b22c6f
picoeuk	120.93756236348244	NA	NA	NA	5.813779582347902	NA	5	80dea84c-ab2b-4fdc-9d2b-d1e8f5b22c6f
picoeuk	1080.686594975949	NA	NA	NA	23.52709345129606	NA	6	80dea84c-ab2b-4fdc-9d2b-d1e8f5b22c6f
picoeuk	3464.372057703542	NA	NA	NA	84.08386856979546	NA	7	80dea84c-ab2b-4fdc-9d2b-d1e8f5b22c6f
picoeuk	3573.6815836436645	NA	NA	NA	478.88032796973937	NA	8	80dea84c-ab2b-4fdc-9d2b-d1e8f5b22c6f
picoeuk	3744.1465968915622	NA	NA	NA	2299.000208393485	NA	9	80dea84c-ab2b-4fdc-9d2b-d1e8f5b22c6f
picoeuk	3107.4552458993035	NA	NA	NA	3720.956382500605	NA	10	80dea84c-ab2b-4fdc-9d2b-d1e8f5b22c6f
picoeuk	910.9561368697416	NA	NA	NA	3040.611639622149	NA	11	80dea84c-ab2b-4fdc-9d2b-d1e8f5b22c6f
prochloro	9.76705702420252	NA	NA	NA	20.457723570170977	NA	1	80dea84c-ab2b-4fdc-9d2b-d1e8f5b22c6f
prochloro	4.4231827651848725	NA	NA	NA	12.064372747890957	NA	2	80dea84c-ab2b-4fdc-9d2b-d1e8f5b22c6f
prochloro	2.649280782270632	NA	NA	NA	7.453996395114562	NA	3	80dea84c-ab2b-4fdc-9d2b-d1e8f5b22c6f
prochloro	2.8632304671467907	NA	NA	NA	5.05530765369683	NA	4	80dea84c-ab2b-4fdc-9d2b-d1e8f5b22c6f
prochloro	5.008413675655064	NA	NA	NA	2.715945499400278	NA	5	80dea84c-ab2b-4fdc-9d2b-d1e8f5b22c6f
prochloro	14.855820315566673	NA	NA	NA	2.474269887786895	NA	6	80dea84c-ab2b-4fdc-9d2b-d1e8f5b22c6f
prochloro	33.83894413868209	NA	NA	NA	6.0910975219374794	NA	7	80dea84c-ab2b-4fdc-9d2b-d1e8f5b22c6f
prochloro	39.52514196620938	NA	NA	NA	11.878431114011542	NA	8	80dea84c-ab2b-4fdc-9d2b-d1e8f5b22c6f
prochloro	36.571697678232496	NA	NA	NA	22.4559424712064	NA	9	80dea84c-ab2b-4fdc-9d2b-d1e8f5b22c6f
prochloro	15.088369166133068	NA	NA	NA	22.4559424712064	NA	10	80dea84c-ab2b-4fdc-9d2b-d1e8f5b22c6f
prochloro	4.931221712056449	NA	NA	NA	13.660608811901955	NA	11	80dea84c-ab2b-4fdc-9d2b-d1e8f5b22c6f
synecho	105.15991808355513	NA	NA	216.86934027445997	NA	NA	1	80dea84c-ab2b-4fdc-9d2b-d1e8f5b22c6f
synecho	25.98606521035733	NA	NA	46.59909384944719	NA	NA	2	80dea84c-ab2b-4fdc-9d2b-d1e8f5b22c6f
synecho	23.3088517379782	NA	NA	22.109841209196883	NA	NA	3	80dea84c-ab2b-4fdc-9d2b-d1e8f5b22c6f
synecho	29.884878566205032	NA	NA	9.706562558908876	NA	NA	4	80dea84c-ab2b-4fdc-9d2b-d1e8f5b22c6f
synecho	51.46947259006145	NA	NA	5.463562409741781	NA	NA	5	80dea84c-ab2b-4fdc-9d2b-d1e8f5b22c6f
synecho	85.93233515188008	NA	NA	4.395786787500616	NA	NA	6	80dea84c-ab2b-4fdc-9d2b-d1e8f5b22c6f
synecho	175.57275935726707	NA	NA	9.121847427047513	NA	NA	7	80dea84c-ab2b-4fdc-9d2b-d1e8f5b22c6f
synecho	243.2854119498453	NA	NA	109.49365779177408	NA	NA	8	80dea84c-ab2b-4fdc-9d2b-d1e8f5b22c6f
synecho	178.3211261597735	NA	NA	182.80827886674027	NA	NA	9	80dea84c-ab2b-4fdc-9d2b-d1e8f5b22c6f
synecho	70.22034972286484	NA	NA	123.98075372291277	NA	NA	10	80dea84c-ab2b-4fdc-9d2b-d1e8f5b22c6f
synecho	37.72562539426517	NA	NA	61.631028408425	NA	NA	11	80dea84c-ab2b-4fdc-9d2b-d1e8f5b22c6f
beads	813.2186941357695	NA	NA	801.9495931548604	NA	NA	1	86a435fc-c40a-4634-a2a3-9d4819232287
beads	838.8313386362904	NA	NA	730.7102345562245	NA	NA	2	86a435fc-c40a-4634-a2a3-9d4819232287
beads	892.5020754693263	NA	NA	719.4681009586867	NA	NA	3	86a435fc-c40a-4634-a2a3-9d4819232287
beads	1042.1871241055053	NA	NA	719.4681009586867	NA	NA	4	86a435fc-c40a-4634-a2a3-9d4819232287
beads	1042.1871241055053	NA	NA	866.5932574769596	NA	NA	5	86a435fc-c40a-4634-a2a3-9d4819232287
beads	934.996909311964	NA	NA	866.5932574769596	NA	NA	6	86a435fc-c40a-4634-a2a3-9d4819232287
beads	878.7707397167903	NA	NA	936.4477272819172	NA	NA	7	86a435fc-c40a-4634-a2a3-9d4819232287
croco	1294.8419445285506	NA	NA	331.3822180655783	NA	NA	1	86a435fc-c40a-4634-a2a3-9d4819232287
croco	1937.722479763625	NA	NA	208.12286455025503	NA	NA	2	86a435fc-c40a-4634-a2a3-9d4819232287
croco	1583.9963205935233	NA	NA	95.8600060140619	NA	NA	3	86a435fc-c40a-4634-a2a3-9d4819232287
croco	1255.3055980879312	NA	NA	49.21422347836808	NA	NA	4	86a435fc-c40a-4634-a2a3-9d4819232287
croco	800.707150200653	NA	NA	77.1554122158951	NA	NA	5	86a435fc-c40a-4634-a2a3-9d4819232287
croco	1026.1528517924269	NA	NA	331.3822180655783	NA	NA	6	86a435fc-c40a-4634-a2a3-9d4819232287
picoeuk	740.9782707162076	NA	NA	NA	2772.291031543042	NA	1	86a435fc-c40a-4634-a2a3-9d4819232287
picoeuk	57.37910117946371	NA	NA	NA	97.35787783469564	NA	2	86a435fc-c40a-4634-a2a3-9d4819232287
picoeuk	45.47252161346287	NA	NA	NA	16.623993369343562	NA	3	86a435fc-c40a-4634-a2a3-9d4819232287
picoeuk	1315.0746499239513	NA	NA	NA	15.14723892606108	NA	4	86a435fc-c40a-4634-a2a3-9d4819232287
picoeuk	3085.3254625685245	NA	NA	NA	54.85625623056772	NA	5	86a435fc-c40a-4634-a2a3-9d4819232287
picoeuk	3659.073209242337	NA	NA	NA	3287.826832147907	NA	6	86a435fc-c40a-4634-a2a3-9d4819232287
picoeuk	1633.8849113773472	NA	NA	NA	3287.826832147907	NA	7	86a435fc-c40a-4634-a2a3-9d4819232287
prochloro	5.52043200952678	NA	NA	NA	5.792250966158529	NA	1	86a435fc-c40a-4634-a2a3-9d4819232287
prochloro	3.521253620598467	NA	NA	NA	2.018177612897426	NA	2	86a435fc-c40a-4634-a2a3-9d4819232287
prochloro	4.443262889451312	NA	NA	NA	1.5993911238736986	NA	3	86a435fc-c40a-4634-a2a3-9d4819232287
prochloro	7.297577381944175	NA	NA	NA	1.4573128700960798	NA	4	86a435fc-c40a-4634-a2a3-9d4819232287
prochloro	18.790189809840584	NA	NA	NA	4.519693880164694	NA	5	86a435fc-c40a-4634-a2a3-9d4819232287
prochloro	18.216455341980613	NA	NA	NA	9.366782227857728	NA	6	86a435fc-c40a-4634-a2a3-9d4819232287
prochloro	5.60669217044917	NA	NA	NA	10.1218211122018	NA	7	86a435fc-c40a-4634-a2a3-9d4819232287
synecho	22.98627384431715	NA	NA	14.236357599852136	NA	NA	1	86a435fc-c40a-4634-a2a3-9d4819232287
synecho	91.361484287415	NA	NA	19.41206896536857	NA	NA	2	86a435fc-c40a-4634-a2a3-9d4819232287
synecho	177.9549043803305	NA	NA	8.403397269719692	NA	NA	3	86a435fc-c40a-4634-a2a3-9d4819232287
synecho	94.2389503798297	NA	NA	3.020189564596549	NA	NA	4	86a435fc-c40a-4634-a2a3-9d4819232287
synecho	9.9506544721724	NA	NA	3.992453311217016	NA	NA	5	86a435fc-c40a-4634-a2a3-9d4819232287
synecho	10.424436461080514	NA	NA	12.971703321265265	NA	NA	6	86a435fc-c40a-4634-a2a3-9d4819232287
beads	351.73672224455805	NA	NA	953.9383207034978	NA	NA	1	b37cda9b-8676-4621-b94f-d2e8b5c040b5
beads	785.102208908937	NA	NA	1729.111018299368	NA	NA	2	b37cda9b-8676-4621-b94f-d2e8b5c040b5
beads	1805.3018013580293	NA	NA	1246.6842061281457	NA	NA	3	b37cda9b-8676-4621-b94f-d2e8b5c040b5
beads	1010.89208708015	NA	NA	322.19446930819066	NA	NA	4	b37cda9b-8676-4621-b94f-d2e8b5c040b5
beads	517.7431851360831	NA	NA	232.30131086864483	NA	NA	5	b37cda9b-8676-4621-b94f-d2e8b5c040b5
beads	269.1420461560228	NA	NA	261.64484171857566	NA	NA	6	b37cda9b-8676-4621-b94f-d2e8b5c040b5
beads	269.1420461560228	NA	NA	495.8924016996894	NA	NA	7	b37cda9b-8676-4621-b94f-d2e8b5c040b5
beads	740.9782707162076	NA	NA	996.3642292220462	NA	NA	1	b475776d-8e62-4dc6-ad9d-6bdf7ee07fac
beads	979.5150559882052	NA	NA	1011.9330359026976	NA	NA	2	b475776d-8e62-4dc6-ad9d-6bdf7ee07fac
beads	1010.3652701960764	NA	NA	840.1329382113618	NA	NA	3	b475776d-8e62-4dc6-ad9d-6bdf7ee07fac
beads	994.8205839268948	NA	NA	606.6545063342146	NA	NA	4	b475776d-8e62-4dc6-ad9d-6bdf7ee07fac
beads	800.707150200653	NA	NA	552.76374026723	NA	NA	5	b475776d-8e62-4dc6-ad9d-6bdf7ee07fac
beads	624.7918516842385	NA	NA	616.1338578143836	NA	NA	6	b475776d-8e62-4dc6-ad9d-6bdf7ee07fac
beads	675.1551601467685	NA	NA	840.1329382113618	NA	NA	7	b475776d-8e62-4dc6-ad9d-6bdf7ee07fac
croco	1356.493446298209	NA	NA	676.2027863250921	NA	NA	1	b475776d-8e62-4dc6-ad9d-6bdf7ee07fac
croco	920.6117814313428	NA	NA	544.2593516298757	NA	NA	2	b475776d-8e62-4dc6-ad9d-6bdf7ee07fac
croco	906.4479718268384	NA	NA	183.8444907431115	NA	NA	3	b475776d-8e62-4dc6-ad9d-6bdf7ee07fac
croco	1255.3055980879312	NA	NA	111.93706628860951	NA	NA	4	b475776d-8e62-4dc6-ad9d-6bdf7ee07fac
croco	2159.8674801882557	NA	NA	311.454502146719	NA	NA	5	b475776d-8e62-4dc6-ad9d-6bdf7ee07fac
croco	1738.425363140346	NA	NA	719.4681009586867	NA	NA	6	b475776d-8e62-4dc6-ad9d-6bdf7ee07fac
croco	1294.8419445285506	NA	NA	665.799261503093	NA	NA	7	b475776d-8e62-4dc6-ad9d-6bdf7ee07fac
picoeuk	949.6068137035048	NA	NA	NA	3444.370619300473	NA	1	b475776d-8e62-4dc6-ad9d-6bdf7ee07fac
picoeuk	88.57187795022485	NA	NA	NA	124.76979125201508	NA	2	b475776d-8e62-4dc6-ad9d-6bdf7ee07fac
picoeuk	262.211136547947	NA	NA	NA	7.539097627647438	NA	3	b475776d-8e62-4dc6-ad9d-6bdf7ee07fac
picoeuk	1659.415372605897	NA	NA	NA	8.534705544059427	NA	4	b475776d-8e62-4dc6-ad9d-6bdf7ee07fac
picoeuk	3954.0242913143593	NA	NA	NA	97.35787783469564	NA	5	b475776d-8e62-4dc6-ad9d-6bdf7ee07fac
picoeuk	3282.7330739901327	NA	NA	NA	3287.826832147907	NA	6	b475776d-8e62-4dc6-ad9d-6bdf7ee07fac
prochloro	4.241320277314399	NA	NA	NA	8.274109201328605	NA	1	b475776d-8e62-4dc6-ad9d-6bdf7ee07fac
prochloro	3.110485145662337	NA	NA	NA	2.114269403249747	NA	2	b475776d-8e62-4dc6-ad9d-6bdf7ee07fac
prochloro	4.241320277314399	NA	NA	NA	1.1549098821844077	NA	3	b475776d-8e62-4dc6-ad9d-6bdf7ee07fac
prochloro	9.9506544721724	NA	NA	NA	1.348604380647361	NA	4	b475776d-8e62-4dc6-ad9d-6bdf7ee07fac
prochloro	18.216455341980613	NA	NA	NA	4.590316889514351	NA	5	b475776d-8e62-4dc6-ad9d-6bdf7ee07fac
prochloro	20.62210758886641	NA	NA	NA	10.1218211122018	NA	6	b475776d-8e62-4dc6-ad9d-6bdf7ee07fac
prochloro	7.527417468684202	NA	NA	NA	13.174394200167292	NA	7	b475776d-8e62-4dc6-ad9d-6bdf7ee07fac
synecho	20.944340761216797	NA	NA	49.21422347836808	NA	NA	1	b475776d-8e62-4dc6-ad9d-6bdf7ee07fac
synecho	55.62710354587716	NA	NA	134.82725193542754	NA	NA	2	b475776d-8e62-4dc6-ad9d-6bdf7ee07fac
synecho	175.2170300290896	NA	NA	178.23103382048674	NA	NA	3	b475776d-8e62-4dc6-ad9d-6bdf7ee07fac
synecho	211.04743436994423	NA	NA	60.204374163200086	NA	NA	4	b475776d-8e62-4dc6-ad9d-6bdf7ee07fac
synecho	183.55966449699412	NA	NA	17.687642200931894	NA	NA	5	b475776d-8e62-4dc6-ad9d-6bdf7ee07fac
synecho	141.0279713226406	NA	NA	5.528997965073321	NA	NA	6	b475776d-8e62-4dc6-ad9d-6bdf7ee07fac
synecho	48.38197864998506	NA	NA	4.182546583544082	NA	NA	7	b475776d-8e62-4dc6-ad9d-6bdf7ee07fac
synecho	19.68484990732096	NA	NA	5.443933146155576	NA	NA	8	b475776d-8e62-4dc6-ad9d-6bdf7ee07fac
synecho	17.66023912395963	NA	NA	16.88375353679743	NA	NA	9	b475776d-8e62-4dc6-ad9d-6bdf7ee07fac
synecho	20.30483204294824	NA	NA	39.00191524106416	NA	NA	10	b475776d-8e62-4dc6-ad9d-6bdf7ee07fac
beads	NA	NA	NA	855.8089551514662	112.82551646795395	NA	1	b4b94d2c-c421-4d9b-9e60-3fc3fb81674e
beads	NA	NA	NA	276.1794974683327	37.24663702241498	NA	2	b4b94d2c-c421-4d9b-9e60-3fc3fb81674e
beads	NA	NA	NA	174.75974229277986	48.22067744157708	NA	3	b4b94d2c-c421-4d9b-9e60-3fc3fb81674e
beads	NA	NA	NA	635.1273788085322	265.0578049528242	NA	4	b4b94d2c-c421-4d9b-9e60-3fc3fb81674e
beads	NA	NA	NA	2816.6195525007615	819.6628129971143	NA	5	b4b94d2c-c421-4d9b-9e60-3fc3fb81674e
beads	NA	NA	NA	3291.066111271862	604.1676603287602	NA	6	b4b94d2c-c421-4d9b-9e60-3fc3fb81674e
croco	NA	NA	NA	568.5094861706913	1132.1001288727869	NA	1	b4b94d2c-c421-4d9b-9e60-3fc3fb81674e
croco	NA	NA	NA	128.6161694331858	351.63074428834847	NA	2	b4b94d2c-c421-4d9b-9e60-3fc3fb81674e
croco	NA	NA	NA	53.58631575233396	324.815565634208	NA	3	b4b94d2c-c421-4d9b-9e60-3fc3fb81674e
croco	NA	NA	NA	41.124608366452456	557.6936546636266	NA	4	b4b94d2c-c421-4d9b-9e60-3fc3fb81674e
croco	NA	NA	NA	430.2354372639273	3751.2473303700617	NA	5	b4b94d2c-c421-4d9b-9e60-3fc3fb81674e
croco	NA	NA	NA	1029.834884229879	3607.1337886583283	NA	6	b4b94d2c-c421-4d9b-9e60-3fc3fb81674e
picoeuk	82.58496723326635	NA	NA	NA	3654.533890680857	NA	1	b4b94d2c-c421-4d9b-9e60-3fc3fb81674e
picoeuk	32.873049755276	NA	NA	NA	118.94816565834135	NA	2	b4b94d2c-c421-4d9b-9e60-3fc3fb81674e
picoeuk	35.74966175370619	NA	NA	NA	4.174209739952108	NA	3	b4b94d2c-c421-4d9b-9e60-3fc3fb81674e
picoeuk	3836.056057122247	NA	NA	NA	2.433165778161198	NA	4	b4b94d2c-c421-4d9b-9e60-3fc3fb81674e
picoeuk	3555.1681662982824	NA	NA	NA	3445.6192315735334	NA	5	b4b94d2c-c421-4d9b-9e60-3fc3fb81674e
prochloro	10.70743085543741	NA	NA	NA	28.67228126469653	NA	1	b4b94d2c-c421-4d9b-9e60-3fc3fb81674e
prochloro	3.0950399849632806	NA	NA	NA	16.27178917560378	NA	2	b4b94d2c-c421-4d9b-9e60-3fc3fb81674e
prochloro	1.8364061566597587	NA	NA	NA	6.790918380114474	NA	3	b4b94d2c-c421-4d9b-9e60-3fc3fb81674e
prochloro	2.135094355466557	NA	NA	NA	3.2769136886753323	NA	4	b4b94d2c-c421-4d9b-9e60-3fc3fb81674e
prochloro	3.597151373734287	NA	NA	NA	2.347982230046126	NA	5	b4b94d2c-c421-4d9b-9e60-3fc3fb81674e
prochloro	12.006370999475841	NA	NA	NA	2.322239402677293	NA	6	b4b94d2c-c421-4d9b-9e60-3fc3fb81674e
prochloro	38.16495897209335	NA	NA	NA	2.9268912711824115	NA	7	b4b94d2c-c421-4d9b-9e60-3fc3fb81674e
prochloro	64.48753393409143	NA	NA	NA	5.089391742468401	NA	8	b4b94d2c-c421-4d9b-9e60-3fc3fb81674e
prochloro	82.05312349887133	NA	NA	NA	13.267306739100798	NA	9	b4b94d2c-c421-4d9b-9e60-3fc3fb81674e
prochloro	60.81663726435361	NA	NA	NA	18.90479081825844	NA	10	b4b94d2c-c421-4d9b-9e60-3fc3fb81674e
prochloro	25.072251471849267	NA	NA	NA	25.408230623429123	NA	11	b4b94d2c-c421-4d9b-9e60-3fc3fb81674e
synecho	75.65600944281678	NA	NA	118.39443191761157	NA	NA	1	b4b94d2c-c421-4d9b-9e60-3fc3fb81674e
synecho	15.108488645212391	NA	NA	45.816548851681006	NA	NA	2	b4b94d2c-c421-4d9b-9e60-3fc3fb81674e
synecho	8.148563483023562	NA	NA	12.572530024697201	NA	NA	3	b4b94d2c-c421-4d9b-9e60-3fc3fb81674e
synecho	7.959428607505584	NA	NA	5.003741564497357	NA	NA	4	b4b94d2c-c421-4d9b-9e60-3fc3fb81674e
synecho	11.717474736470232	NA	NA	3.9898388574593366	NA	NA	5	b4b94d2c-c421-4d9b-9e60-3fc3fb81674e
synecho	80.3914426008582	NA	NA	2.6628255523588997	NA	NA	6	b4b94d2c-c421-4d9b-9e60-3fc3fb81674e
synecho	227.68558819895102	NA	NA	3.9251076547675434	NA	NA	7	b4b94d2c-c421-4d9b-9e60-3fc3fb81674e
synecho	398.5768410515944	NA	NA	22.770024028827063	NA	NA	8	b4b94d2c-c421-4d9b-9e60-3fc3fb81674e
synecho	396.9044882767404	NA	NA	81.4102605931158	NA	NA	9	b4b94d2c-c421-4d9b-9e60-3fc3fb81674e
synecho	226.53270959534228	NA	NA	136.84878766433243	NA	NA	10	b4b94d2c-c421-4d9b-9e60-3fc3fb81674e
beads	779.9034309523354	NA	NA	850.7785787128519	NA	NA	1	b955048c-a204-4c74-b16d-f997fce424d5
beads	744.3956736439699	NA	NA	706.1038581435037	NA	NA	2	b955048c-a204-4c74-b16d-f997fce424d5
beads	829.8956437267196	NA	NA	623.5959363645007	NA	NA	3	b955048c-a204-4c74-b16d-f997fce424d5
beads	969.3488957872308	NA	NA	613.9847904134239	NA	NA	4	b955048c-a204-4c74-b16d-f997fce424d5
beads	1047.631232705474	NA	NA	717.1570101811405	NA	NA	5	b955048c-a204-4c74-b16d-f997fce424d5
beads	1097.6033602669802	NA	NA	933.878823505428	NA	NA	6	b955048c-a204-4c74-b16d-f997fce424d5
beads	969.3488957872308	NA	NA	1041.1424929458508	NA	NA	7	b955048c-a204-4c74-b16d-f997fce424d5
beads	1223.6721403368065	NA	NA	1254.463801847697	NA	NA	8	b955048c-a204-4c74-b16d-f997fce424d5
beads	1262.2820296149878	NA	NA	1659.1287044937549	NA	NA	9	b955048c-a204-4c74-b16d-f997fce424d5
beads	817.1049122756422	NA	NA	1659.1287044937549	NA	NA	10	b955048c-a204-4c74-b16d-f997fce424d5
beads	817.1049122756422	NA	NA	1107.8802645341175	NA	NA	11	b955048c-a204-4c74-b16d-f997fce424d5
beads	910.9561368697416	NA	NA	978.4249483614856	NA	NA	12	b955048c-a204-4c74-b16d-f997fce424d5
beads	779.9034309523354	NA	NA	891.360812551224	NA	NA	13	b955048c-a204-4c74-b16d-f997fce424d5
croco	1114.784935864016	NA	NA	391.32119528698223	NA	NA	1	b955048c-a204-4c74-b16d-f997fce424d5
croco	1132.2354670334223	NA	NA	144.8141192553951	NA	NA	2	b955048c-a204-4c74-b16d-f997fce424d5
croco	1343.1949597308826	NA	NA	101.31194351858385	NA	NA	3	b955048c-a204-4c74-b16d-f997fce424d5
croco	1618.4042695626508	NA	NA	101.31194351858385	NA	NA	4	b955048c-a204-4c74-b16d-f997fce424d5
croco	1890.3562194796812	NA	NA	166.54127254689158	NA	NA	5	b955048c-a204-4c74-b16d-f997fce424d5
croco	2011.5290295905563	NA	NA	429.5436986909463	NA	NA	6	b955048c-a204-4c74-b16d-f997fce424d5
croco	2011.5290295905563	NA	NA	613.9847904134239	NA	NA	7	b955048c-a204-4c74-b16d-f997fce424d5
croco	1474.3922333231064	NA	NA	509.5768043528434	NA	NA	8	b955048c-a204-4c74-b16d-f997fce424d5
croco	1262.2820296149878	NA	NA	305.21280863384	NA	NA	9	b955048c-a204-4c74-b16d-f997fce424d5
picoeuk	132.75020232466665	NA	NA	NA	2299.000208393485	NA	1	b955048c-a204-4c74-b16d-f997fce424d5
picoeuk	15.564444614522676	NA	NA	NA	161.44721278653518	NA	2	b955048c-a204-4c74-b16d-f997fce424d5
picoeuk	13.533890452991791	NA	NA	NA	31.603551075882542	NA	3	b955048c-a204-4c74-b16d-f997fce424d5
picoeuk	18.17984865287144	NA	NA	NA	20.777963045365976	NA	4	b955048c-a204-4c74-b16d-f997fce424d5
picoeuk	26.392843797271176	NA	NA	NA	10.654656158021496	NA	5	b955048c-a204-4c74-b16d-f997fce424d5
picoeuk	38.91596239010607	NA	NA	NA	7.114627847072696	NA	6	b955048c-a204-4c74-b16d-f997fce424d5
picoeuk	139.0824018976524	NA	NA	NA	7.453996395114562	NA	7	b955048c-a204-4c74-b16d-f997fce424d5
picoeuk	856.0809084397926	NA	NA	NA	11.878431114011542	NA	8	b955048c-a204-4c74-b16d-f997fce424d5
picoeuk	2744.3504824803404	NA	NA	NA	28.79134164932914	NA	9	b955048c-a204-4c74-b16d-f997fce424d5
picoeuk	3059.561723566719	NA	NA	NA	171.79606251989276	NA	10	b955048c-a204-4c74-b16d-f997fce424d5
picoeuk	3686.440096084735	NA	NA	NA	1488.197026914833	NA	11	b955048c-a204-4c74-b16d-f997fce424d5
picoeuk	3306.6447322824783	NA	NA	NA	3286.1642841290823	NA	12	b955048c-a204-4c74-b16d-f997fce424d5
picoeuk	1242.827161309111	NA	NA	NA	3136.550473950306	NA	13	b955048c-a204-4c74-b16d-f997fce424d5
prochloro	5.671076434807967	NA	NA	NA	10.169566684057854	NA	1	b955048c-a204-4c74-b16d-f997fce424d5
prochloro	3.192096052948348	NA	NA	NA	5.813779582347902	NA	2	b955048c-a204-4c74-b16d-f997fce424d5
prochloro	2.999806882277856	NA	NA	NA	3.221983776269165	NA	3	b955048c-a204-4c74-b16d-f997fce424d5
prochloro	3.292814596018005	NA	NA	NA	2.474269887786895	NA	4	b955048c-a204-4c74-b16d-f997fce424d5
prochloro	4.56274514565546	NA	NA	NA	2.085666046964931	NA	5	b955048c-a204-4c74-b16d-f997fce424d5
prochloro	7.500452133022448	NA	NA	NA	2.05352080737365	NA	6	b955048c-a204-4c74-b16d-f997fce424d5
prochloro	13.533890452991791	NA	NA	NA	2.1851525518493613	NA	7	b955048c-a204-4c74-b16d-f997fce424d5
prochloro	24.802961174307637	NA	NA	NA	2.325221959138861	NA	8	b955048c-a204-4c74-b16d-f997fce424d5
prochloro	31.800514718996464	NA	NA	NA	5.635951346901451	NA	9	b955048c-a204-4c74-b16d-f997fce424d5
prochloro	36.571697678232496	NA	NA	NA	9.85850637069959	NA	10	b955048c-a204-4c74-b16d-f997fce424d5
prochloro	26.80598998225853	NA	NA	NA	14.09163488196914	NA	11	b955048c-a204-4c74-b16d-f997fce424d5
prochloro	6.521935091825796	NA	NA	NA	11.51510112962575	NA	12	b955048c-a204-4c74-b16d-f997fce424d5
synecho	53.92457221815464	NA	NA	67.65087149768901	NA	NA	1	b955048c-a204-4c74-b16d-f997fce424d5
synecho	132.75020232466665	NA	NA	129.8946496118442	NA	NA	2	b955048c-a204-4c74-b16d-f997fce424d5
synecho	262.932569612396	NA	NA	104.50858646963864	NA	NA	3	b955048c-a204-4c74-b16d-f997fce424d5
synecho	293.1325393752411	NA	NA	53.59057824694697	NA	NA	4	b955048c-a204-4c74-b16d-f997fce424d5
synecho	316.8052338083802	NA	NA	15.95609781506334	NA	NA	5	b955048c-a204-4c74-b16d-f997fce424d5
synecho	71.31955941088933	NA	NA	4.004632229860993	NA	NA	6	b955048c-a204-4c74-b16d-f997fce424d5
synecho	25.58555608118148	NA	NA	4.328036909862237	NA	NA	7	b955048c-a204-4c74-b16d-f997fce424d5
synecho	13.325299939737446	NA	NA	6.897010082590444	NA	NA	8	b955048c-a204-4c74-b16d-f997fce424d5
synecho	13.96091824472464	NA	NA	14.994915956778758	NA	NA	9	b955048c-a204-4c74-b16d-f997fce424d5
synecho	21.567140219682205	NA	NA	42.45252150137124	NA	NA	10	b955048c-a204-4c74-b16d-f997fce424d5
synecho	37.72562539426517	NA	NA	60.68114279402913	NA	NA	11	b955048c-a204-4c74-b16d-f997fce424d5
beads	829.8956437267196	NA	NA	877.622751789563	NA	NA	1	c32938f0-9966-48c7-9be5-06400967955c
beads	829.8956437267196	NA	NA	533.8836752006544	NA	NA	2	c32938f0-9966-48c7-9be5-06400967955c
beads	984.5228119173914	NA	NA	533.8836752006544	NA	NA	3	c32938f0-9966-48c7-9be5-06400967955c
beads	1643.7383167336566	NA	NA	812.0439891506495	NA	NA	4	c32938f0-9966-48c7-9be5-06400967955c
beads	1497.4719564121117	NA	NA	1398.549294718482	NA	NA	5	c32938f0-9966-48c7-9be5-06400967955c
beads	699.553906867092	NA	NA	1160.726277686285	NA	NA	6	c32938f0-9966-48c7-9be5-06400967955c
croco	1302.1101566064683	NA	NA	286.8270467780821	NA	NA	1	c32938f0-9966-48c7-9be5-06400967955c
croco	925.2159891058034	NA	NA	179.9907540132325	NA	NA	2	c32938f0-9966-48c7-9be5-06400967955c
croco	969.3488957872308	NA	NA	85.40009389910922	NA	NA	3	c32938f0-9966-48c7-9be5-06400967955c
croco	1015.5869470782274	NA	NA	57.02576199418628	NA	NA	4	c32938f0-9966-48c7-9be5-06400967955c
croco	1343.1949597308826	NA	NA	58.825066141123365	NA	NA	5	c32938f0-9966-48c7-9be5-06400967955c
croco	1722.1448192101254	NA	NA	116.51225781394352	NA	NA	6	c32938f0-9966-48c7-9be5-06400967955c
croco	1643.7383167336566	NA	NA	223.7121055379759	NA	NA	7	c32938f0-9966-48c7-9be5-06400967955c
croco	1064.0305586133015	NA	NA	309.99052445957363	NA	NA	8	c32938f0-9966-48c7-9be5-06400967955c
picoeuk	103.53914530110768	NA	NA	NA	1821.1849726409985	NA	1	c32938f0-9966-48c7-9be5-06400967955c
picoeuk	11.952461372860483	NA	NA	NA	28.79134164932914	NA	2	c32938f0-9966-48c7-9be5-06400967955c
picoeuk	19.64801047113084	NA	NA	NA	7.114627847072696	NA	3	c32938f0-9966-48c7-9be5-06400967955c
picoeuk	35.453065577843425	NA	NA	NA	3.375672764571877	NA	4	c32938f0-9966-48c7-9be5-06400967955c
picoeuk	262.932569612396	NA	NA	NA	4.605466311383158	NA	5	c32938f0-9966-48c7-9be5-06400967955c
picoeuk	1568.9015370598302	NA	NA	NA	11.51510112962575	NA	6	c32938f0-9966-48c7-9be5-06400967955c
picoeuk	3255.6812104295227	NA	NA	NA	76.60175216948046	NA	7	c32938f0-9966-48c7-9be5-06400967955c
picoeuk	3255.6812104295227	NA	NA	NA	3337.60497948037	NA	8	c32938f0-9966-48c7-9be5-06400967955c
picoeuk	721.6265666898627	NA	NA	NA	3337.60497948037	NA	9	c32938f0-9966-48c7-9be5-06400967955c
prochloro	5.8500129538462815	NA	NA	NA	8.440233982059963	NA	1	c32938f0-9966-48c7-9be5-06400967955c
prochloro	2.6907518816550997	NA	NA	NA	3.123431761791235	NA	2	c32938f0-9966-48c7-9be5-06400967955c
prochloro	3.242064230554323	NA	NA	NA	1.3088047610219382	NA	3	c32938f0-9966-48c7-9be5-06400967955c
prochloro	6.129059229329232	NA	NA	NA	1.1923421180225375	NA	4	c32938f0-9966-48c7-9be5-06400967955c
prochloro	15.80808607140128	NA	NA	NA	1.8135678143510476	NA	5	c32938f0-9966-48c7-9be5-06400967955c
prochloro	24.044303788522683	NA	NA	NA	4.130988303434922	NA	6	c32938f0-9966-48c7-9be5-06400967955c
prochloro	19.64801047113084	NA	NA	NA	6.686048673498269	NA	7	c32938f0-9966-48c7-9be5-06400967955c
prochloro	6.421416043519572	NA	NA	NA	7.689188458420108	NA	8	c32938f0-9966-48c7-9be5-06400967955c
synecho	20.585222779184654	NA	NA	14.5362608929786	NA	NA	1	c32938f0-9966-48c7-9be5-06400967955c
synecho	11.58686699745087	NA	NA	6.583000231567055	NA	NA	2	c32938f0-9966-48c7-9be5-06400967955c
synecho	21.567140219682205	NA	NA	3.763396566037831	NA	NA	3	c32938f0-9966-48c7-9be5-06400967955c
synecho	51.46947259006145	NA	NA	3.0278941943844537	NA	NA	4	c32938f0-9966-48c7-9be5-06400967955c
synecho	152.667348596146	NA	NA	4.067319621214232	NA	NA	5	c32938f0-9966-48c7-9be5-06400967955c
synecho	198.8027752230309	NA	NA	11.878431114011542	NA	NA	6	c32938f0-9966-48c7-9be5-06400967955c
synecho	98.8251734202839	NA	NA	28.347596315880903	NA	NA	7	c32938f0-9966-48c7-9be5-06400967955c
synecho	12.329591157053208	NA	NA	15.468042724760496	NA	NA	8	c32938f0-9966-48c7-9be5-06400967955c
beads	829.8956437267196	NA	NA	1559.1841923829625	NA	NA	1	c70dc024-0e74-45cb-aec7-84fe3c497c0a
beads	883.0923831628568	NA	NA	1125.22271191231	NA	NA	2	c70dc024-0e74-45cb-aec7-84fe3c497c0a
beads	792.1118208337547	NA	NA	933.878823505428	NA	NA	3	c70dc024-0e74-45cb-aec7-84fe3c497c0a
beads	678.1563916885735	NA	NA	695.2210623433897	NA	NA	4	c70dc024-0e74-45cb-aec7-84fe3c497c0a
beads	842.8865977056442	NA	NA	595.2046095820605	NA	NA	5	c70dc024-0e74-45cb-aec7-84fe3c497c0a
beads	1097.6033602669802	NA	NA	706.1038581435037	NA	NA	6	c70dc024-0e74-45cb-aec7-84fe3c497c0a
beads	1031.4846607134543	NA	NA	891.360812551224	NA	NA	7	c70dc024-0e74-45cb-aec7-84fe3c497c0a
beads	1015.5869470782274	NA	NA	1057.4402459387777	NA	NA	8	c70dc024-0e74-45cb-aec7-84fe3c497c0a
beads	1322.493024317406	NA	NA	1583.591225051499	NA	NA	9	c70dc024-0e74-45cb-aec7-84fe3c497c0a
beads	954.4088469965972	NA	NA	1711.4783277851072	NA	NA	10	c70dc024-0e74-45cb-aec7-84fe3c497c0a
beads	817.1049122756422	NA	NA	1659.1287044937549	NA	NA	11	c70dc024-0e74-45cb-aec7-84fe3c497c0a
croco	999.9342562809094	NA	NA	422.92337463214585	NA	NA	1	c70dc024-0e74-45cb-aec7-84fe3c497c0a
croco	883.0923831628568	NA	NA	149.38336368456814	NA	NA	2	c70dc024-0e74-45cb-aec7-84fe3c497c0a
croco	1064.0305586133015	NA	NA	114.71651757633433	NA	NA	3	c70dc024-0e74-45cb-aec7-84fe3c497c0a
croco	1568.9015370598302	NA	NA	131.9279840774143	NA	NA	4	c70dc024-0e74-45cb-aec7-84fe3c497c0a
croco	2011.5290295905563	NA	NA	295.87715109363927	NA	NA	5	c70dc024-0e74-45cb-aec7-84fe3c497c0a
croco	1544.720908585149	NA	NA	478.88032796973937	NA	NA	6	c70dc024-0e74-45cb-aec7-84fe3c497c0a
croco	1031.4846607134543	NA	NA	314.8430293107536	NA	NA	7	c70dc024-0e74-45cb-aec7-84fe3c497c0a
croco	1080.686594975949	NA	NA	319.77149391383847	NA	NA	8	c70dc024-0e74-45cb-aec7-84fe3c497c0a
croco	969.3488957872308	NA	NA	142.58217777730516	NA	NA	9	c70dc024-0e74-45cb-aec7-84fe3c497c0a
croco	1593.4606823204117	NA	NA	106.1445346126278	NA	NA	10	c70dc024-0e74-45cb-aec7-84fe3c497c0a
croco	1890.3562194796812	NA	NA	197.5714455035252	NA	NA	11	c70dc024-0e74-45cb-aec7-84fe3c497c0a
croco	2074.997756672112	NA	NA	367.748336933294	NA	NA	12	c70dc024-0e74-45cb-aec7-84fe3c497c0a
croco	1451.6682254884538	NA	NA	471.4996052022862	NA	NA	13	c70dc024-0e74-45cb-aec7-84fe3c497c0a
picoeuk	205.0754955755947	NA	NA	NA	3088.208522647988	NA	1	c70dc024-0e74-45cb-aec7-84fe3c497c0a
picoeuk	18.17984865287144	NA	NA	NA	158.95891445904417	NA	2	c70dc024-0e74-45cb-aec7-84fe3c497c0a
picoeuk	14.179458548908318	NA	NA	NA	39.2803341061778	NA	3	c70dc024-0e74-45cb-aec7-84fe3c497c0a
picoeuk	20.267953905176903	NA	NA	NA	19.5263160974224	NA	4	c70dc024-0e74-45cb-aec7-84fe3c497c0a
picoeuk	25.19121978199179	NA	NA	NA	12.064372747890957	NA	5	c70dc024-0e74-45cb-aec7-84fe3c497c0a
picoeuk	42.05872398251064	NA	NA	NA	7.8095528610455425	NA	6	c70dc024-0e74-45cb-aec7-84fe3c497c0a
picoeuk	164.99640459564995	NA	NA	NA	9.556960574680414	NA	7	c70dc024-0e74-45cb-aec7-84fe3c497c0a
picoeuk	896.9160640021615	NA	NA	NA	17.244674745916296	NA	8	c70dc024-0e74-45cb-aec7-84fe3c497c0a
picoeuk	3205.5031616980937	NA	NA	NA	51.951383325429	NA	9	c70dc024-0e74-45cb-aec7-84fe3c497c0a
picoeuk	3358.4060228332223	NA	NA	NA	613.9847904134239	NA	10	c70dc024-0e74-45cb-aec7-84fe3c497c0a
picoeuk	3629.622994276895	NA	NA	NA	3286.1642841290823	NA	11	c70dc024-0e74-45cb-aec7-84fe3c497c0a
prochloro	5.086813980632783	NA	NA	NA	13.660608811901955	NA	1	c70dc024-0e74-45cb-aec7-84fe3c497c0a
prochloro	2.6907518816550997	NA	NA	NA	4.977392938648275	NA	2	c70dc024-0e74-45cb-aec7-84fe3c497c0a
prochloro	3.292814596018005	NA	NA	NA	2.715945499400278	NA	3	c70dc024-0e74-45cb-aec7-84fe3c497c0a
prochloro	4.855219466326625	NA	NA	NA	2.1851525518493613	NA	4	c70dc024-0e74-45cb-aec7-84fe3c497c0a
prochloro	6.939994500043995	NA	NA	NA	2.05352080737365	NA	5	c70dc024-0e74-45cb-aec7-84fe3c497c0a
prochloro	17.623774869744285	NA	NA	NA	2.1851525518493613	NA	6	c70dc024-0e74-45cb-aec7-84fe3c497c0a
prochloro	25.58555608118148	NA	NA	NA	3.705393375897043	NA	7	c70dc024-0e74-45cb-aec7-84fe3c497c0a
prochloro	28.08463871760266	NA	NA	NA	5.904786859671031	NA	8	c70dc024-0e74-45cb-aec7-84fe3c497c0a
prochloro	24.42068658596612	NA	NA	NA	12.064372747890957	NA	9	c70dc024-0e74-45cb-aec7-84fe3c497c0a
prochloro	9.91994779941032	NA	NA	NA	15.95609781506334	NA	10	c70dc024-0e74-45cb-aec7-84fe3c497c0a
prochloro	6.421416043519572	NA	NA	NA	15.22964217155632	NA	11	c70dc024-0e74-45cb-aec7-84fe3c497c0a
synecho	50.67620152422999	NA	NA	90.87428403049942	NA	NA	1	c70dc024-0e74-45cb-aec7-84fe3c497c0a
synecho	17.623774869744285	NA	NA	30.63688152089464	NA	NA	2	c70dc024-0e74-45cb-aec7-84fe3c497c0a
synecho	17.623774869744285	NA	NA	8.440233982059963	NA	NA	3	c70dc024-0e74-45cb-aec7-84fe3c497c0a
synecho	33.83894413868209	NA	NA	5.724174950831064	NA	NA	4	c70dc024-0e74-45cb-aec7-84fe3c497c0a
synecho	62.98590061364378	NA	NA	5.296446397031929	NA	NA	5	c70dc024-0e74-45cb-aec7-84fe3c497c0a
synecho	143.47079643635092	NA	NA	6.0910975219374794	NA	NA	6	c70dc024-0e74-45cb-aec7-84fe3c497c0a
synecho	192.72192089771212	NA	NA	14.5362608929786	NA	NA	7	c70dc024-0e74-45cb-aec7-84fe3c497c0a
synecho	375.8327712368145	NA	NA	38.07885193732205	NA	NA	8	c70dc024-0e74-45cb-aec7-84fe3c497c0a
synecho	162.45340449975964	NA	NA	85.40009389910922	NA	NA	9	c70dc024-0e74-45cb-aec7-84fe3c497c0a
synecho	43.38578097973807	NA	NA	86.7369230510942	NA	NA	10	c70dc024-0e74-45cb-aec7-84fe3c497c0a
beads	1749.1027918908114	NA	NA	824.7554983285338	NA	NA	1	f6b49df8-efc8-4470-98d8-672ecfa3857d
beads	1980.526423638804	NA	NA	542.2409407280231	NA	NA	2	f6b49df8-efc8-4470-98d8-672ecfa3857d
beads	4800.46669136691	NA	NA	1197.3500689670166	NA	NA	3	f6b49df8-efc8-4470-98d8-672ecfa3857d
beads	4109.858083435698	NA	NA	1685.1002405635222	NA	NA	4	f6b49df8-efc8-4470-98d8-672ecfa3857d
beads	3059.561723566719	NA	NA	2062.145791186056	NA	NA	5	f6b49df8-efc8-4470-98d8-672ecfa3857d
beads	2386.3195709436577	NA	NA	1511.492846376431	NA	NA	6	f6b49df8-efc8-4470-98d8-672ecfa3857d
beads	1669.4689359837964	NA	NA	613.9847904134239	NA	NA	7	f6b49df8-efc8-4470-98d8-672ecfa3857d
croco	1568.9015370598302	NA	NA	533.8836752006544	NA	NA	1	f6b49df8-efc8-4470-98d8-672ecfa3857d
croco	1242.827161309111	NA	NA	335.02463011819617	NA	NA	2	f6b49df8-efc8-4470-98d8-672ecfa3857d
croco	1262.2820296149878	NA	NA	206.9956256625268	NA	NA	3	f6b49df8-efc8-4470-98d8-672ecfa3857d
croco	1262.2820296149878	NA	NA	149.38336368456814	NA	NA	4	f6b49df8-efc8-4470-98d8-672ecfa3857d
croco	1722.1448192101254	NA	NA	147.0809989202858	NA	NA	5	f6b49df8-efc8-4470-98d8-672ecfa3857d
croco	2744.3504824803404	NA	NA	197.5714455035252	NA	NA	6	f6b49df8-efc8-4470-98d8-672ecfa3857d
croco	2461.613868639389	NA	NA	319.77149391383847	NA	NA	7	f6b49df8-efc8-4470-98d8-672ecfa3857d
croco	2461.613868639389	NA	NA	586.0310437522415	NA	NA	8	f6b49df8-efc8-4470-98d8-672ecfa3857d
croco	1669.4689359837964	NA	NA	586.0310437522415	NA	NA	9	f6b49df8-efc8-4470-98d8-672ecfa3857d
picoeuk	896.9160640021615	NA	NA	NA	3442.9146898710724	NA	1	f6b49df8-efc8-4470-98d8-672ecfa3857d
picoeuk	61.05932747727341	NA	NA	NA	416.40508603743694	NA	2	f6b49df8-efc8-4470-98d8-672ecfa3857d
picoeuk	15.324558271276524	NA	NA	NA	77.80085454417184	NA	3	f6b49df8-efc8-4470-98d8-672ecfa3857d
picoeuk	13.11992431893187	NA	NA	NA	20.777963045365976	NA	4	f6b49df8-efc8-4470-98d8-672ecfa3857d
picoeuk	25.98606521035733	NA	NA	NA	15.22964217155632	NA	5	f6b49df8-efc8-4470-98d8-672ecfa3857d
picoeuk	48.36899502452916	NA	NA	NA	6.790710206878807	NA	6	f6b49df8-efc8-4470-98d8-672ecfa3857d
picoeuk	598.9141189349808	NA	NA	NA	13.45006525730923	NA	7	f6b49df8-efc8-4470-98d8-672ecfa3857d
picoeuk	2461.613868639389	NA	NA	NA	22.4559424712064	NA	8	f6b49df8-efc8-4470-98d8-672ecfa3857d
picoeuk	3862.283703050954	NA	NA	NA	51.951383325429	NA	9	f6b49df8-efc8-4470-98d8-672ecfa3857d
picoeuk	3410.9775701295184	NA	NA	NA	3607.142107586854	NA	10	f6b49df8-efc8-4470-98d8-672ecfa3857d
picoeuk	1080.686594975949	NA	NA	NA	3720.956382500605	NA	11	f6b49df8-efc8-4470-98d8-672ecfa3857d
prochloro	8.760806311021511	NA	NA	NA	10.82144116148117	NA	1	f6b49df8-efc8-4470-98d8-672ecfa3857d
prochloro	4.287889231082171	NA	NA	NA	6.381643558418054	NA	2	f6b49df8-efc8-4470-98d8-672ecfa3857d
prochloro	3.5038857124890805	NA	NA	NA	3.27241980792538	NA	3	f6b49df8-efc8-4470-98d8-672ecfa3857d
prochloro	3.4498822223846424	NA	NA	NA	2.513001415644227	NA	4	f6b49df8-efc8-4470-98d8-672ecfa3857d
prochloro	4.355010648201042	NA	NA	NA	2.398588475732788	NA	5	f6b49df8-efc8-4470-98d8-672ecfa3857d
prochloro	6.03459536360986	NA	NA	NA	2.5523392359911403	NA	6	f6b49df8-efc8-4470-98d8-672ecfa3857d
prochloro	8.897945519384713	NA	NA	NA	2.513001415644227	NA	7	f6b49df8-efc8-4470-98d8-672ecfa3857d
prochloro	30.352688085454872	NA	NA	NA	6.283286747427136	NA	8	f6b49df8-efc8-4470-98d8-672ecfa3857d
prochloro	39.52514196620938	NA	NA	NA	14.09163488196914	NA	9	f6b49df8-efc8-4470-98d8-672ecfa3857d
prochloro	14.179458548908318	NA	NA	NA	14.76380744984246	NA	10	f6b49df8-efc8-4470-98d8-672ecfa3857d
prochloro	7.858224542873605	NA	NA	NA	13.038663115644107	NA	11	f6b49df8-efc8-4470-98d8-672ecfa3857d
synecho	19.04702947716212	NA	NA	22.109841209196883	NA	NA	1	f6b49df8-efc8-4470-98d8-672ecfa3857d
synecho	44.75470991475005	NA	NA	52.76461573003767	NA	NA	2	f6b49df8-efc8-4470-98d8-672ecfa3857d
synecho	105.15991808355513	NA	NA	120.18850835970572	NA	NA	3	f6b49df8-efc8-4470-98d8-672ecfa3857d
synecho	307.114994453693	NA	NA	77.80085454417184	NA	NA	4	f6b49df8-efc8-4470-98d8-672ecfa3857d
synecho	347.7493515139247	NA	NA	30.164691882360728	NA	NA	5	f6b49df8-efc8-4470-98d8-672ecfa3857d
synecho	152.667348596146	NA	NA	7.570679167050998	NA	NA	6	f6b49df8-efc8-4470-98d8-672ecfa3857d
synecho	98.8251734202839	NA	NA	3.882141056440799	NA	NA	7	f6b49df8-efc8-4470-98d8-672ecfa3857d
synecho	25.58555608118148	NA	NA	5.379355485561066	NA	NA	8	f6b49df8-efc8-4470-98d8-672ecfa3857d
synecho	18.17984865287144	NA	NA	12.639844684089576	NA	NA	9	f6b49df8-efc8-4470-98d8-672ecfa3857d
beads	1132.2354670334223	NA	NA	1583.591225051499	NA	NA	1	fe9c7ba0-87d3-4287-aad1-6e3d922bde85
beads	896.9160640021615	NA	NA	1274.1008268655032	NA	NA	2	fe9c7ba0-87d3-4287-aad1-6e3d922bde85
beads	925.2159891058034	NA	NA	919.4854557011768	NA	NA	3	fe9c7ba0-87d3-4287-aad1-6e3d922bde85
beads	1080.686594975949	NA	NA	837.665989910991	NA	NA	4	fe9c7ba0-87d3-4287-aad1-6e3d922bde85
beads	1364.2209574433534	NA	NA	837.665989910991	NA	NA	5	fe9c7ba0-87d3-4287-aad1-6e3d922bde85
beads	1497.4719564121117	NA	NA	1160.726277686285	NA	NA	6	fe9c7ba0-87d3-4287-aad1-6e3d922bde85
beads	1618.4042695626508	NA	NA	1398.549294718482	NA	NA	7	fe9c7ba0-87d3-4287-aad1-6e3d922bde85
beads	1451.6682254884538	NA	NA	1488.197026914833	NA	NA	8	fe9c7ba0-87d3-4287-aad1-6e3d922bde85
beads	1132.2354670334223	NA	NA	1488.197026914833	NA	NA	9	fe9c7ba0-87d3-4287-aad1-6e3d922bde85
croco	1568.9015370598302	NA	NA	559.349986520177	NA	NA	1	fe9c7ba0-87d3-4287-aad1-6e3d922bde85
croco	1132.2354670334223	NA	NA	340.26901184808133	NA	NA	2	fe9c7ba0-87d3-4287-aad1-6e3d922bde85
croco	1132.2354670334223	NA	NA	197.5714455035252	NA	NA	3	fe9c7ba0-87d3-4287-aad1-6e3d922bde85
croco	1186.2432260825117	NA	NA	158.95891445904417	NA	NA	4	fe9c7ba0-87d3-4287-aad1-6e3d922bde85
croco	1695.6023351413312	NA	NA	161.44721278653518	NA	NA	5	fe9c7ba0-87d3-4287-aad1-6e3d922bde85
croco	2579.033126876988	NA	NA	234.38319811902323	NA	NA	6	fe9c7ba0-87d3-4287-aad1-6e3d922bde85
croco	2619.404589138113	NA	NA	517.5535769315595	NA	NA	7	fe9c7ba0-87d3-4287-aad1-6e3d922bde85
croco	2386.3195709436577	NA	NA	633.3575325025126	NA	NA	8	fe9c7ba0-87d3-4287-aad1-6e3d922bde85
croco	1429.2944504618713	NA	NA	653.3415326258568	NA	NA	9	fe9c7ba0-87d3-4287-aad1-6e3d922bde85
picoeuk	1282.0414389806208	NA	NA	NA	3959.4716086370295	NA	1	fe9c7ba0-87d3-4287-aad1-6e3d922bde85
picoeuk	44.06492984418623	NA	NA	NA	227.21403218326043	NA	2	fe9c7ba0-87d3-4287-aad1-6e3d922bde85
picoeuk	25.58555608118148	NA	NA	NA	36.91411994982109	NA	3	fe9c7ba0-87d3-4287-aad1-6e3d922bde85
picoeuk	29.424279141352272	NA	NA	NA	18.06724766972477	NA	4	fe9c7ba0-87d3-4287-aad1-6e3d922bde85
picoeuk	47.62350993782723	NA	NA	NA	11.51510112962575	NA	5	fe9c7ba0-87d3-4287-aad1-6e3d922bde85
picoeuk	51.46947259006145	NA	NA	NA	7.8095528610455425	NA	6	fe9c7ba0-87d3-4287-aad1-6e3d922bde85
picoeuk	143.47079643635092	NA	NA	NA	7.8095528610455425	NA	7	fe9c7ba0-87d3-4287-aad1-6e3d922bde85
picoeuk	406.1841418844109	NA	NA	NA	11.16288445442084	NA	8	fe9c7ba0-87d3-4287-aad1-6e3d922bde85
picoeuk	999.9342562809094	NA	NA	NA	20.777963045365976	NA	9	fe9c7ba0-87d3-4287-aad1-6e3d922bde85
picoeuk	2011.5290295905563	NA	NA	NA	51.15068483080445	NA	10	fe9c7ba0-87d3-4287-aad1-6e3d922bde85
picoeuk	3573.6815836436645	NA	NA	NA	118.33610806630124	NA	11	fe9c7ba0-87d3-4287-aad1-6e3d922bde85
picoeuk	3518.602367631906	NA	NA	NA	3720.956382500605	NA	12	fe9c7ba0-87d3-4287-aad1-6e3d922bde85
picoeuk	1223.6721403368065	NA	NA	NA	3720.956382500605	NA	13	fe9c7ba0-87d3-4287-aad1-6e3d922bde85
prochloro	7.981234989023318	NA	NA	NA	13.874448156331574	NA	1	fe9c7ba0-87d3-4287-aad1-6e3d922bde85
prochloro	4.4231827651848725	NA	NA	NA	5.463562409741781	NA	2	fe9c7ba0-87d3-4287-aad1-6e3d922bde85
prochloro	4.156733970557958	NA	NA	NA	2.398588475732788	NA	3	fe9c7ba0-87d3-4287-aad1-6e3d922bde85
prochloro	5.412881384327854	NA	NA	NA	1.5769678094133244	NA	4	fe9c7ba0-87d3-4287-aad1-6e3d922bde85
prochloro	7.981234989023318	NA	NA	NA	1.5769678094133244	NA	5	fe9c7ba0-87d3-4287-aad1-6e3d922bde85
prochloro	14.626855614307887	NA	NA	NA	1.9600272855322776	NA	6	fe9c7ba0-87d3-4287-aad1-6e3d922bde85
prochloro	29.424279141352272	NA	NA	NA	4.677558991173594	NA	7	fe9c7ba0-87d3-4287-aad1-6e3d922bde85
prochloro	32.29831107007195	NA	NA	NA	9.85850637069959	NA	8	fe9c7ba0-87d3-4287-aad1-6e3d922bde85
prochloro	21.567140219682205	NA	NA	NA	15.95609781506334	NA	9	fe9c7ba0-87d3-4287-aad1-6e3d922bde85
prochloro	8.760806311021511	NA	NA	NA	15.95609781506334	NA	10	fe9c7ba0-87d3-4287-aad1-6e3d922bde85
synecho	41.410495680914245	NA	NA	28.347596315880903	NA	NA	1	fe9c7ba0-87d3-4287-aad1-6e3d922bde85
synecho	23.67372197499967	NA	NA	10.990836970673705	NA	NA	2	fe9c7ba0-87d3-4287-aad1-6e3d922bde85
synecho	34.36864949299261	NA	NA	6.790710206878807	NA	NA	3	fe9c7ba0-87d3-4287-aad1-6e3d922bde85
synecho	63.97186426145685	NA	NA	5.724174950831064	NA	NA	4	fe9c7ba0-87d3-4287-aad1-6e3d922bde85
synecho	175.57275935726707	NA	NA	5.463562409741781	NA	NA	5	fe9c7ba0-87d3-4287-aad1-6e3d922bde85
synecho	275.4744827384615	NA	NA	5.997218739425069	NA	NA	6	fe9c7ba0-87d3-4287-aad1-6e3d922bde85
synecho	316.8052338083802	NA	NA	12.639844684089576	NA	NA	7	fe9c7ba0-87d3-4287-aad1-6e3d922bde85
synecho	432.2207551890486	NA	NA	30.164691882360728	NA	NA	8	fe9c7ba0-87d3-4287-aad1-6e3d922bde85
synecho	279.7866831394101	NA	NA	44.47751154896227	NA	NA	9	fe9c7ba0-87d3-4287-aad1-6e3d922bde85
synecho	69.13808155758979	NA	NA	39.89521745507537	NA	NA	10	fe9c7ba0-87d3-4287-aad1-6e3d922bde85
